Dataset,Ablation,Metric,Full Hybrid Mean,Ablation Mean,Δ Ablation − Full,95% CI Lower,95% CI Upper,Paired Cohen's d,Rank-Biserial,Wilcoxon p,Wilcoxon Holm p,Exact Sign-Flip p,Sign-Flip Holm p,Observed Direction
CM1,A1 No Self-Attention,F1,0.1164835164835164,0.0,-0.1164835164835164,-0.1975516267232068,-0.035415406243826,-1.7840972038712437,-1.0,0.125,1.0,0.125,1.0,ablation_lower
CM1,A2 No Semantic Tokenization,F1,0.1164835164835164,0.0,-0.1164835164835164,-0.1975516267232068,-0.035415406243826,-1.7840972038712437,-1.0,0.125,1.0,0.125,1.0,ablation_lower
CM1,A3 Single-Head Attention,F1,0.1164835164835164,0.1107692307692307,-0.0057142857142856,-0.1283904896108177,0.1169619181822463,-0.0578369938220693,0.0,1.0,1.0,0.875,1.0,ablation_lower
JM1,A1 No Self-Attention,F1,0.1677261478437791,0.1599527992048979,-0.0077733486388811,-0.0761998302009907,0.0606531329232284,-0.1410548508419817,-0.2,0.8125,1.0,0.75,1.0,ablation_lower
JM1,A2 No Semantic Tokenization,F1,0.1677261478437791,0.1406334859060494,-0.0270926619377296,-0.0730632913249019,0.0188779674494426,-0.7317712067908155,-0.6,0.3125,1.0,0.25,1.0,ablation_lower
JM1,A3 Single-Head Attention,F1,0.1677261478437791,0.1724820969234231,0.004755949079644,-0.0265170272938122,0.0360289254531003,0.1888304675245635,0.2,0.8125,1.0,0.75,1.0,ablation_higher
KC1,A1 No Self-Attention,F1,0.1534031087437311,0.1739818703295195,0.0205787615857884,0.0027910710987239,0.0383664520728529,1.4364938161743903,0.8666666666666667,0.125,1.0,0.125,1.0,ablation_higher
KC1,A2 No Semantic Tokenization,F1,0.1534031087437311,0.2249083175189225,0.0715052087751914,0.0316417861484476,0.1113686314019351,2.2272408531382477,1.0,0.0625,0.9375,0.0625,0.9375,ablation_higher
KC1,A3 Single-Head Attention,F1,0.1534031087437311,0.1644781144781144,0.0110750057343833,-0.0143299101422965,0.0364799216110632,0.5412903536872958,0.4666666666666667,0.4375,1.0,0.3125,1.0,ablation_higher
KC2,A1 No Self-Attention,F1,0.4441906733367833,0.3830351183855077,-0.0611555549512756,-0.1113388546222534,-0.0109722552802977,-1.5131458347902504,-1.0,0.0625,0.9375,0.0625,0.9375,ablation_lower
KC2,A2 No Semantic Tokenization,F1,0.4441906733367833,0.4461559139784946,0.0019652406417112,-0.023401291372541,0.0273317726559634,0.0961963799879565,0.0,1.0,1.0,1.0,1.0,ablation_higher
KC2,A3 Single-Head Attention,F1,0.4441906733367833,0.3779285714285714,-0.0662621019082119,-0.1489446039910066,0.0164204001745827,-0.9950747051939596,-0.7333333333333333,0.1875,1.0,0.1875,1.0,ablation_lower
PC1,A1 No Self-Attention,F1,0.0210526315789473,0.0,-0.0210526315789473,-0.0795041074778483,0.0373988443199536,-0.4472135954999579,-1.0,1.0,1.0,1.0,1.0,ablation_lower
PC1,A2 No Semantic Tokenization,F1,0.0210526315789473,0.0,-0.0210526315789473,-0.0795041074778483,0.0373988443199536,-0.4472135954999579,-1.0,1.0,1.0,1.0,1.0,ablation_lower
PC1,A3 Single-Head Attention,F1,0.0210526315789473,0.0,-0.0210526315789473,-0.0795041074778483,0.0373988443199536,-0.4472135954999579,-1.0,1.0,1.0,1.0,1.0,ablation_lower
CM1,A1 No Self-Attention,PR-AUC,0.262807933922231,0.213672447265476,-0.049135486656755,-0.0958307845186964,-0.0024401887948135,-1.3065505010010805,-0.8666666666666667,0.125,1.0,0.125,1.0,ablation_lower
CM1,A2 No Semantic Tokenization,PR-AUC,0.262807933922231,0.3039303108308576,0.0411223769086265,0.0287026101484057,0.0535421436688472,4.111202401284054,1.0,0.0625,0.9375,0.0625,0.9375,ablation_higher
CM1,A3 Single-Head Attention,PR-AUC,0.262807933922231,0.2538209213795511,-0.0089870125426799,-0.0317329090082502,0.0137588839228903,-0.4905873875994352,-0.6,0.3125,1.0,0.3125,1.0,ablation_lower
JM1,A1 No Self-Attention,PR-AUC,0.3792354380074763,0.3769769938405896,-0.0022584441668866,-0.0099011079433018,0.0053842196095284,-0.3669177260721786,-0.4666666666666667,0.4375,1.0,0.5,1.0,ablation_lower
JM1,A2 No Semantic Tokenization,PR-AUC,0.3792354380074763,0.3649436494818426,-0.0142917885256335,-0.0193750328658248,-0.0092085441854422,-3.4909986800974946,-1.0,0.0625,0.9375,0.0625,0.9375,ablation_lower
JM1,A3 Single-Head Attention,PR-AUC,0.3792354380074763,0.3786158565606727,-0.0006195814468035,-0.010207954373402,0.008968791479795,-0.0802338397077611,-0.0666666666666666,1.0,1.0,0.875,1.0,ablation_lower
KC1,A1 No Self-Attention,PR-AUC,0.3585775375215448,0.3566670515730258,-0.0019104859485189,-0.0087609661729269,0.004939994275889,-0.3462796101356791,-0.3333333333333333,0.625,1.0,0.5,1.0,ablation_lower
KC1,A2 No Semantic Tokenization,PR-AUC,0.3585775375215448,0.3724459262905212,0.0138683887689763,-0.0098598244445721,0.0375966019825249,0.7257132634706374,1.0,0.0625,0.9375,0.0625,0.9375,ablation_higher
KC1,A3 Single-Head Attention,PR-AUC,0.3585775375215448,0.3513443981225723,-0.0072331393989724,-0.0261353902220753,0.0116691114241303,-0.4751354148108309,-0.4666666666666667,0.4375,1.0,0.375,1.0,ablation_lower
KC2,A1 No Self-Attention,PR-AUC,0.581355140882453,0.5846974895280439,0.0033423486455909,-0.0076173277149606,0.0143020250061425,0.3786675670107612,0.3333333333333333,0.625,1.0,0.5625,1.0,ablation_higher
KC2,A2 No Semantic Tokenization,PR-AUC,0.581355140882453,0.6054646801990408,0.0241095393165877,-0.0033805285455661,0.0515996071787415,1.0889731932564142,0.8666666666666667,0.125,1.0,0.125,1.0,ablation_higher
KC2,A3 Single-Head Attention,PR-AUC,0.581355140882453,0.579212788459296,-0.002142352423157,-0.0116457226199767,0.0073610177736627,-0.2799093185056445,-0.4666666666666667,0.4375,1.0,0.5,1.0,ablation_lower
PC1,A1 No Self-Attention,PR-AUC,0.23990893000697,0.2156032922927967,-0.0243056377141733,-0.0502491978329686,0.0016379224046218,-1.1632727029321157,-1.0,0.0625,0.9375,0.0625,0.9375,ablation_lower
PC1,A2 No Semantic Tokenization,PR-AUC,0.23990893000697,0.2143761380189215,-0.0255327919880484,-0.0748952462990286,0.0238296623229316,-0.6422522750886261,-0.6,0.3125,1.0,0.3125,1.0,ablation_lower
PC1,A3 Single-Head Attention,PR-AUC,0.23990893000697,0.2434988824238869,0.0035899524169168,-0.0194605558351762,0.02664046066901,0.1933803204077084,0.2,0.8125,1.0,0.6875,1.0,ablation_higher
CM1,A1 No Self-Attention,ROC-AUC,0.7987368421052631,0.7029473684210527,-0.0957894736842105,-0.1585534045289087,-0.0330255428395122,-1.895011024323347,-1.0,0.0625,0.9375,0.0625,0.9375,ablation_lower
CM1,A2 No Semantic Tokenization,ROC-AUC,0.7987368421052631,0.8286315789473685,0.0298947368421053,0.0039742916185849,0.0558151820656256,1.4320440159313228,0.8666666666666667,0.125,1.0,0.125,1.0,ablation_higher
CM1,A3 Single-Head Attention,ROC-AUC,0.7987368421052631,0.7791578947368422,-0.019578947368421,-0.0298952602917851,-0.0092626344450569,-2.356508013152374,-1.0,0.0625,0.9375,0.0625,0.9375,ablation_lower
JM1,A1 No Self-Attention,ROC-AUC,0.722110250662319,0.72029413762652,-0.0018161130357992,-0.006023923466636,0.0023916973950376,-0.5359086893969153,-0.4666666666666667,0.4375,1.0,0.375,1.0,ablation_lower
JM1,A2 No Semantic Tokenization,ROC-AUC,0.722110250662319,0.7185010076308221,-0.0036092430314969,-0.0070693630396788,-0.000149123023315,-1.295176792244382,-1.0,0.0625,0.9375,0.0625,0.9375,ablation_lower
JM1,A3 Single-Head Attention,ROC-AUC,0.722110250662319,0.7220458302198673,-6.442044245182909e-05,-0.0026041895131265,0.0024753486282229,-0.031494416190974,0.0666666666666666,1.0,1.0,1.0,1.0,ablation_lower
KC1,A1 No Self-Attention,ROC-AUC,0.7610427315477406,0.7560457984052341,-0.0049969331425066,-0.021076810082623,0.0110829437976098,-0.3858556882983675,-0.4666666666666667,0.4375,1.0,0.4375,1.0,ablation_lower
KC1,A2 No Semantic Tokenization,ROC-AUC,0.7610427315477406,0.7773420568390922,0.0162993252913514,0.002063384865868,0.0305352657168348,1.42163319067107,1.0,0.0625,0.9375,0.0625,0.9375,ablation_higher
KC1,A3 Single-Head Attention,ROC-AUC,0.7610427315477406,0.7557145777959517,-0.0053281537517889,-0.0181841678032562,0.0075278602996782,-0.5146055895711825,-0.6,0.3125,1.0,0.3125,1.0,ablation_lower
KC2,A1 No Self-Attention,ROC-AUC,0.8231139646869983,0.8227929373996791,-0.0003210272873193,-0.0091327042503984,0.0084906496757597,-0.0452363411386562,-0.0666666666666666,1.0,1.0,0.9375,1.0,ablation_lower
KC2,A2 No Semantic Tokenization,ROC-AUC,0.8231139646869983,0.8279293739967896,0.0048154093097913,-0.0043570272352893,0.0139878458548719,0.6518573715061381,0.8,0.25,1.0,0.25,1.0,ablation_higher
KC2,A3 Single-Head Attention,ROC-AUC,0.8231139646869983,0.8161048689138577,-0.0070090957731406,-0.0229055951422232,0.0088874035959419,-0.5474753704829771,-0.6,0.3125,1.0,0.25,1.0,ablation_lower
PC1,A1 No Self-Attention,ROC-AUC,0.6886363636363637,0.671324354657688,-0.0173120089786756,-0.0486363223956306,0.0140123044382793,-0.6862304689419582,-0.6,0.3125,1.0,0.25,1.0,ablation_lower
PC1,A2 No Semantic Tokenization,ROC-AUC,0.6886363636363637,0.6959034792368126,0.0072671156004489,-0.0142738061250941,0.0288080373259919,0.4188918156256316,0.3333333333333333,0.625,1.0,0.5625,1.0,ablation_higher
PC1,A3 Single-Head Attention,ROC-AUC,0.6886363636363637,0.6865039281705949,-0.0021324354657688,-0.0124485620906251,0.0081836911590874,-0.256663032805197,-0.0666666666666666,1.0,1.0,0.75,1.0,ablation_lower
