threshold,accuracy,precision,recall,f1,true_negatives,false_positives,false_negatives,true_positives
0.1,0.6035502958579881,0.26704545454545453,0.9038461538461539,0.41228070175438597,157,129,5,47
0.11,0.6242603550295858,0.2781065088757396,0.9038461538461539,0.4253393665158371,164,122,5,47
0.12,0.6272189349112426,0.27710843373493976,0.8846153846153846,0.42201834862385323,166,120,6,46
0.13,0.6538461538461539,0.2929936305732484,0.8846153846153846,0.44019138755980863,175,111,6,46
0.13999999999999999,0.6686390532544378,0.3,0.8653846153846154,0.44554455445544555,181,105,7,45
0.14999999999999997,0.6775147928994083,0.3006993006993007,0.8269230769230769,0.441025641025641,186,100,9,43
0.15999999999999998,0.6923076923076923,0.3115942028985507,0.8269230769230769,0.45263157894736844,191,95,9,43
0.16999999999999998,0.7071005917159763,0.32061068702290074,0.8076923076923077,0.45901639344262296,197,89,10,42
0.17999999999999997,0.727810650887574,0.3360655737704918,0.7884615384615384,0.47126436781609193,205,81,11,41
0.18999999999999995,0.7248520710059172,0.3217391304347826,0.7115384615384616,0.4431137724550898,208,78,15,37
0.19999999999999996,0.7337278106508875,0.32727272727272727,0.6923076923076923,0.4444444444444444,212,74,16,36
0.20999999999999996,0.7633136094674556,0.35714285714285715,0.6730769230769231,0.4666666666666667,223,63,17,35
0.21999999999999995,0.7662721893491125,0.3448275862068966,0.5769230769230769,0.4316546762589928,229,57,22,30
0.22999999999999995,0.7781065088757396,0.35443037974683544,0.5384615384615384,0.42748091603053434,235,51,24,28
0.23999999999999994,0.7840236686390533,0.36,0.5192307692307693,0.4251968503937008,238,48,25,27
0.24999999999999992,0.7899408284023669,0.36619718309859156,0.5,0.42276422764227645,241,45,26,26
0.2599999999999999,0.7958579881656804,0.36923076923076925,0.46153846153846156,0.41025641025641024,245,41,28,24
0.2699999999999999,0.8017751479289941,0.3770491803278688,0.4423076923076923,0.40707964601769914,248,38,29,23
0.2799999999999999,0.8106508875739645,0.39285714285714285,0.4230769230769231,0.4074074074074074,252,34,30,22
0.2899999999999999,0.8106508875739645,0.3888888888888889,0.40384615384615385,0.39622641509433965,253,33,31,21
0.29999999999999993,0.8195266272189349,0.4117647058823529,0.40384615384615385,0.4077669902912621,256,30,31,21
0.30999999999999994,0.8195266272189349,0.40816326530612246,0.38461538461538464,0.39603960396039606,257,29,32,20
0.3199999999999999,0.8224852071005917,0.4166666666666667,0.38461538461538464,0.4,258,28,32,20
0.32999999999999985,0.8224852071005917,0.41304347826086957,0.36538461538461536,0.3877551020408163,259,27,33,19
0.33999999999999986,0.8254437869822485,0.4222222222222222,0.36538461538461536,0.3917525773195876,260,26,33,19
0.34999999999999987,0.8313609467455622,0.4418604651162791,0.36538461538461536,0.4,262,24,33,19
0.3599999999999999,0.8372781065088757,0.4634146341463415,0.36538461538461536,0.40860215053763443,264,22,33,19
0.3699999999999999,0.8431952662721893,0.48717948717948717,0.36538461538461536,0.4175824175824176,266,20,33,19
0.3799999999999999,0.8402366863905325,0.47368421052631576,0.34615384615384615,0.4,266,20,34,18
0.3899999999999999,0.849112426035503,0.5142857142857142,0.34615384615384615,0.41379310344827586,269,17,34,18
0.3999999999999998,0.8461538461538461,0.5,0.28846153846153844,0.36585365853658536,271,15,37,15
0.4099999999999998,0.8461538461538461,0.5,0.2692307692307692,0.35,272,14,38,14
0.4199999999999998,0.849112426035503,0.5185185185185185,0.2692307692307692,0.35443037974683544,273,13,38,14
0.4299999999999998,0.849112426035503,0.52,0.25,0.33766233766233766,274,12,39,13
0.43999999999999984,0.8520710059171598,0.5454545454545454,0.23076923076923078,0.32432432432432434,276,10,40,12
0.44999999999999984,0.8461538461538461,0.5,0.19230769230769232,0.2777777777777778,276,10,42,10
0.45999999999999985,0.8520710059171598,0.5625,0.17307692307692307,0.2647058823529412,279,7,43,9
0.46999999999999986,0.849112426035503,0.5384615384615384,0.1346153846153846,0.2153846153846154,280,6,45,7
0.47999999999999976,0.849112426035503,0.5384615384615384,0.1346153846153846,0.2153846153846154,280,6,45,7
0.48999999999999977,0.849112426035503,0.5384615384615384,0.1346153846153846,0.2153846153846154,280,6,45,7
0.4999999999999998,0.8520710059171598,0.5833333333333334,0.1346153846153846,0.21875,281,5,45,7
0.5099999999999998,0.8520710059171598,0.6,0.11538461538461539,0.1935483870967742,282,4,46,6
0.5199999999999998,0.849112426035503,0.5555555555555556,0.09615384615384616,0.16393442622950818,282,4,47,5
0.5299999999999998,0.8520710059171598,0.625,0.09615384615384616,0.16666666666666666,283,3,47,5
0.5399999999999998,0.8550295857988166,0.8,0.07692307692307693,0.14035087719298245,285,1,48,4
0.5499999999999998,0.8520710059171598,0.75,0.057692307692307696,0.10714285714285714,285,1,49,3
0.5599999999999997,0.8520710059171598,1.0,0.038461538461538464,0.07407407407407407,286,0,50,2
0.5699999999999997,0.8520710059171598,1.0,0.038461538461538464,0.07407407407407407,286,0,50,2
0.5799999999999997,0.849112426035503,1.0,0.019230769230769232,0.03773584905660377,286,0,51,1
0.5899999999999997,0.849112426035503,1.0,0.019230769230769232,0.03773584905660377,286,0,51,1
0.5999999999999998,0.8461538461538461,0.0,0.0,0.0,286,0,52,0
0.6099999999999998,0.8461538461538461,0.0,0.0,0.0,286,0,52,0
0.6199999999999998,0.8461538461538461,0.0,0.0,0.0,286,0,52,0
0.6299999999999997,0.8461538461538461,0.0,0.0,0.0,286,0,52,0
0.6399999999999997,0.8461538461538461,0.0,0.0,0.0,286,0,52,0
0.6499999999999997,0.8461538461538461,0.0,0.0,0.0,286,0,52,0
0.6599999999999997,0.8461538461538461,0.0,0.0,0.0,286,0,52,0
0.6699999999999997,0.8461538461538461,0.0,0.0,0.0,286,0,52,0
0.6799999999999997,0.8461538461538461,0.0,0.0,0.0,286,0,52,0
0.6899999999999997,0.8461538461538461,0.0,0.0,0.0,286,0,52,0
0.6999999999999996,0.8461538461538461,0.0,0.0,0.0,286,0,52,0
0.7099999999999996,0.8461538461538461,0.0,0.0,0.0,286,0,52,0
0.7199999999999996,0.8461538461538461,0.0,0.0,0.0,286,0,52,0
0.7299999999999996,0.8461538461538461,0.0,0.0,0.0,286,0,52,0
0.7399999999999997,0.8461538461538461,0.0,0.0,0.0,286,0,52,0
0.7499999999999997,0.8461538461538461,0.0,0.0,0.0,286,0,52,0
0.7599999999999997,0.8461538461538461,0.0,0.0,0.0,286,0,52,0
0.7699999999999997,0.8461538461538461,0.0,0.0,0.0,286,0,52,0
0.7799999999999997,0.8461538461538461,0.0,0.0,0.0,286,0,52,0
0.7899999999999996,0.8461538461538461,0.0,0.0,0.0,286,0,52,0
0.7999999999999996,0.8461538461538461,0.0,0.0,0.0,286,0,52,0
0.8099999999999996,0.8461538461538461,0.0,0.0,0.0,286,0,52,0
0.8199999999999996,0.8461538461538461,0.0,0.0,0.0,286,0,52,0
0.8299999999999996,0.8461538461538461,0.0,0.0,0.0,286,0,52,0
0.8399999999999996,0.8461538461538461,0.0,0.0,0.0,286,0,52,0
0.8499999999999996,0.8461538461538461,0.0,0.0,0.0,286,0,52,0
0.8599999999999995,0.8461538461538461,0.0,0.0,0.0,286,0,52,0
0.8699999999999996,0.8461538461538461,0.0,0.0,0.0,286,0,52,0
0.8799999999999996,0.8461538461538461,0.0,0.0,0.0,286,0,52,0
0.8899999999999996,0.8461538461538461,0.0,0.0,0.0,286,0,52,0
0.8999999999999996,0.8461538461538461,0.0,0.0,0.0,286,0,52,0
