dataset,row_id,feature_group_id,defects,partition
KC1,0,0,False,train
KC1,1,1,True,train
KC1,2,2,True,train
KC1,3,3,True,train
KC1,4,4,True,test
KC1,5,5,True,validation
KC1,6,6,True,test
KC1,7,7,True,train
KC1,8,8,True,train
KC1,9,9,True,train
KC1,10,10,True,train
KC1,11,11,True,train
KC1,12,12,True,validation
KC1,13,13,True,test
KC1,14,14,True,train
KC1,15,15,True,train
KC1,16,16,True,train
KC1,17,17,True,train
KC1,18,18,True,train
KC1,19,19,True,train
KC1,20,20,True,train
KC1,21,21,True,train
KC1,22,22,True,validation
KC1,23,23,True,validation
KC1,24,24,True,train
KC1,25,25,True,test
KC1,26,26,True,test
KC1,27,27,True,test
KC1,28,28,True,train
KC1,29,29,True,train
KC1,30,30,True,train
KC1,31,31,True,train
KC1,32,32,True,test
KC1,33,33,True,train
KC1,34,34,True,train
KC1,35,35,True,test
KC1,36,36,True,validation
KC1,37,37,True,test
KC1,38,38,True,train
KC1,39,39,True,validation
KC1,40,40,True,train
KC1,41,41,True,test
KC1,42,42,True,train
KC1,43,43,True,test
KC1,44,44,True,train
KC1,45,45,True,test
KC1,46,46,True,train
KC1,47,47,True,train
KC1,48,48,True,train
KC1,49,49,True,train
KC1,50,50,True,train
KC1,51,51,True,train
KC1,52,52,True,train
KC1,53,53,True,train
KC1,54,54,True,train
KC1,55,55,True,validation
KC1,56,56,True,train
KC1,57,57,True,train
KC1,58,58,True,train
KC1,59,59,True,train
KC1,60,60,True,train
KC1,61,61,True,train
KC1,62,62,True,train
KC1,63,63,True,test
KC1,64,64,True,train
KC1,65,65,True,train
KC1,66,66,True,train
KC1,67,67,True,train
KC1,68,68,True,test
KC1,69,69,True,test
KC1,70,70,True,train
KC1,71,71,True,train
KC1,72,72,True,test
KC1,73,73,True,train
KC1,74,74,True,train
KC1,75,75,True,validation
KC1,76,76,True,train
KC1,77,77,True,train
KC1,78,78,True,test
KC1,79,79,True,train
KC1,80,80,True,train
KC1,81,81,True,train
KC1,82,82,True,test
KC1,83,83,True,test
KC1,84,84,True,train
KC1,85,85,True,train
KC1,86,86,True,validation
KC1,87,87,True,test
KC1,88,88,True,train
KC1,89,89,True,train
KC1,90,90,True,train
KC1,91,91,True,validation
KC1,92,83,True,test
KC1,93,92,True,train
KC1,94,93,True,train
KC1,95,94,True,train
KC1,96,95,True,train
KC1,97,96,True,train
KC1,98,97,True,train
KC1,99,98,True,train
KC1,100,99,True,test
KC1,101,100,True,test
KC1,102,101,True,validation
KC1,103,102,True,train
KC1,104,103,True,train
KC1,105,104,True,validation
KC1,106,105,True,train
KC1,107,106,True,test
KC1,108,107,True,train
KC1,109,108,True,validation
KC1,110,109,True,train
KC1,111,110,True,validation
KC1,112,111,True,train
KC1,113,112,True,validation
KC1,114,113,True,train
KC1,115,114,True,test
KC1,116,115,True,validation
KC1,117,116,True,test
KC1,118,117,True,test
KC1,119,118,True,train
KC1,120,119,True,train
KC1,121,120,True,train
KC1,122,121,True,train
KC1,123,122,True,validation
KC1,124,123,True,test
KC1,125,124,True,train
KC1,126,125,True,train
KC1,127,126,True,validation
KC1,128,127,True,train
KC1,129,128,True,train
KC1,130,129,True,validation
KC1,131,130,True,train
KC1,132,131,True,validation
KC1,133,132,True,train
KC1,134,133,True,train
KC1,135,134,True,validation
KC1,136,135,True,train
KC1,137,136,True,validation
KC1,138,137,True,train
KC1,139,138,True,test
KC1,140,139,True,test
KC1,141,140,True,train
KC1,142,141,True,test
KC1,143,142,True,validation
KC1,144,143,True,validation
KC1,145,144,True,test
KC1,146,145,True,train
KC1,147,146,True,train
KC1,148,147,True,train
KC1,149,148,True,train
KC1,150,83,True,test
KC1,151,149,True,train
KC1,152,150,True,train
KC1,153,151,True,validation
KC1,154,152,True,train
KC1,155,153,True,train
KC1,156,154,True,test
KC1,157,155,True,train
KC1,158,156,True,train
KC1,159,157,True,train
KC1,160,158,True,train
KC1,161,159,True,test
KC1,162,160,True,train
KC1,163,161,True,test
KC1,164,162,True,train
KC1,165,163,True,train
KC1,166,164,True,train
KC1,167,165,True,validation
KC1,168,166,True,train
KC1,169,167,True,train
KC1,170,168,True,train
KC1,171,169,True,train
KC1,172,170,True,train
KC1,173,171,True,train
KC1,174,172,True,train
KC1,175,173,True,train
KC1,176,174,True,train
KC1,177,175,True,train
KC1,178,176,True,train
KC1,179,177,True,train
KC1,180,178,True,train
KC1,181,179,True,train
KC1,182,180,True,train
KC1,183,181,True,train
KC1,184,182,True,test
KC1,185,171,True,train
KC1,186,183,True,train
KC1,187,184,True,train
KC1,188,158,True,train
KC1,189,185,True,validation
KC1,190,186,True,train
KC1,191,187,True,train
KC1,192,188,True,test
KC1,193,189,True,test
KC1,194,190,True,train
KC1,195,191,True,train
KC1,196,192,True,train
KC1,197,193,True,train
KC1,198,194,True,test
KC1,199,195,True,validation
KC1,200,83,True,test
KC1,201,196,True,validation
KC1,202,197,True,train
KC1,203,198,True,validation
KC1,204,199,True,train
KC1,205,200,True,train
KC1,206,201,True,train
KC1,207,202,True,train
KC1,208,203,True,test
KC1,209,204,True,train
KC1,210,205,True,validation
KC1,211,206,True,train
KC1,212,206,True,train
KC1,213,206,True,train
KC1,214,207,True,test
KC1,215,208,True,train
KC1,216,209,True,train
KC1,217,210,True,train
KC1,218,211,True,train
KC1,219,212,True,test
KC1,220,213,True,train
KC1,221,214,True,train
KC1,222,215,True,validation
KC1,223,216,True,train
KC1,224,217,True,train
KC1,225,218,True,train
KC1,226,219,True,validation
KC1,227,220,True,train
KC1,228,221,True,train
KC1,229,222,True,test
KC1,230,223,True,train
KC1,231,224,True,train
KC1,232,225,True,train
KC1,233,226,True,validation
KC1,234,227,True,train
KC1,235,228,True,validation
KC1,236,229,True,validation
KC1,237,230,True,test
KC1,238,231,True,train
KC1,239,232,True,train
KC1,240,233,True,test
KC1,241,234,True,train
KC1,242,235,True,train
KC1,243,236,True,test
KC1,244,237,True,train
KC1,245,238,True,test
KC1,246,239,True,test
KC1,247,240,True,test
KC1,248,241,True,train
KC1,249,242,True,train
KC1,250,243,True,test
KC1,251,244,True,validation
KC1,252,245,True,train
KC1,253,246,True,test
KC1,254,247,True,validation
KC1,255,248,True,validation
KC1,256,249,True,validation
KC1,257,250,True,train
KC1,258,251,True,train
KC1,259,252,True,train
KC1,260,253,True,test
KC1,261,254,True,train
KC1,262,255,True,train
KC1,263,256,True,train
KC1,264,257,True,test
KC1,265,258,True,test
KC1,266,259,True,validation
KC1,267,260,True,train
KC1,268,261,True,train
KC1,269,262,True,train
KC1,270,263,True,train
KC1,271,264,True,test
KC1,272,265,True,train
KC1,273,266,True,train
KC1,274,266,True,train
KC1,275,266,True,train
KC1,276,266,True,train
KC1,277,267,True,validation
KC1,278,268,True,validation
KC1,279,269,True,train
KC1,280,270,True,train
KC1,281,271,True,train
KC1,282,272,True,validation
KC1,283,273,True,train
KC1,284,274,True,train
KC1,285,275,True,test
KC1,286,276,True,train
KC1,287,277,True,train
KC1,288,278,True,train
KC1,289,279,True,validation
KC1,290,280,True,train
KC1,291,281,True,train
KC1,292,282,True,train
KC1,293,283,True,train
KC1,294,284,True,train
KC1,295,285,True,test
KC1,296,286,True,train
KC1,297,287,True,test
KC1,298,288,True,test
KC1,299,289,True,train
KC1,300,290,True,train
KC1,301,160,True,train
KC1,302,291,True,train
KC1,303,292,True,test
KC1,304,293,True,validation
KC1,305,294,True,test
KC1,306,295,True,train
KC1,307,296,True,test
KC1,308,297,True,validation
KC1,309,298,True,validation
KC1,310,299,True,train
KC1,311,300,True,train
KC1,312,301,True,validation
KC1,313,302,True,train
KC1,314,303,True,train
KC1,315,304,True,test
KC1,316,305,True,train
KC1,317,306,True,test
KC1,318,307,True,train
KC1,319,308,True,train
KC1,320,309,True,test
KC1,321,310,True,train
KC1,322,311,True,validation
KC1,323,312,True,train
KC1,324,313,True,train
KC1,325,314,True,train
KC1,326,315,True,train
KC1,327,316,False,test
KC1,328,158,False,train
KC1,329,158,False,train
KC1,330,158,False,train
KC1,331,317,False,train
KC1,332,316,False,test
KC1,333,158,False,train
KC1,334,158,False,train
KC1,335,158,False,train
KC1,336,318,False,train
KC1,337,317,False,train
KC1,338,158,False,train
KC1,339,317,False,train
KC1,340,319,False,validation
KC1,341,320,False,train
KC1,342,321,False,train
KC1,343,321,False,train
KC1,344,321,False,train
KC1,345,322,False,test
KC1,346,323,False,test
KC1,347,324,False,train
KC1,348,325,False,train
KC1,349,326,False,validation
KC1,350,327,False,validation
KC1,351,328,False,validation
KC1,352,329,False,test
KC1,353,330,False,train
KC1,354,331,False,train
KC1,355,4,False,test
KC1,356,332,False,validation
KC1,357,333,False,validation
KC1,358,334,False,test
KC1,359,335,False,train
KC1,360,335,False,train
KC1,361,336,False,test
KC1,362,337,False,test
KC1,363,338,False,validation
KC1,364,339,False,train
KC1,365,340,False,train
KC1,366,341,False,train
KC1,367,342,False,test
KC1,368,343,False,validation
KC1,369,344,False,train
KC1,370,345,False,train
KC1,371,346,False,train
KC1,372,347,False,train
KC1,373,348,False,validation
KC1,374,349,False,test
KC1,375,350,False,train
KC1,376,351,False,train
KC1,377,352,False,train
KC1,378,353,False,train
KC1,379,354,False,test
KC1,380,355,False,train
KC1,381,356,False,train
KC1,382,357,False,train
KC1,383,358,False,train
KC1,384,359,False,train
KC1,385,360,False,test
KC1,386,361,False,train
KC1,387,362,False,train
KC1,388,363,False,validation
KC1,389,364,False,test
KC1,390,365,False,train
KC1,391,366,False,test
KC1,392,367,False,train
KC1,393,366,False,test
KC1,394,368,False,validation
KC1,395,369,False,train
KC1,396,370,False,train
KC1,397,371,False,train
KC1,398,370,False,train
KC1,399,372,False,train
KC1,400,373,False,test
KC1,401,158,False,train
KC1,402,374,False,validation
KC1,403,375,False,train
KC1,404,376,False,validation
KC1,405,377,False,train
KC1,406,378,False,train
KC1,407,158,False,train
KC1,408,379,False,validation
KC1,409,158,False,train
KC1,410,380,False,train
KC1,411,381,False,train
KC1,412,382,False,test
KC1,413,377,False,train
KC1,414,383,False,train
KC1,415,384,False,train
KC1,416,385,False,train
KC1,417,386,False,train
KC1,418,387,False,test
KC1,419,388,False,train
KC1,420,389,False,test
KC1,421,390,False,train
KC1,422,391,False,train
KC1,423,392,False,train
KC1,424,393,False,test
KC1,425,394,False,train
KC1,426,395,False,validation
KC1,427,396,False,train
KC1,428,396,False,train
KC1,429,395,False,validation
KC1,430,395,False,validation
KC1,431,395,False,validation
KC1,432,397,False,test
KC1,433,395,False,validation
KC1,434,395,False,validation
KC1,435,397,False,test
KC1,436,398,False,train
KC1,437,399,False,train
KC1,438,400,False,test
KC1,439,401,False,test
KC1,440,402,False,train
KC1,441,83,False,test
KC1,442,402,False,train
KC1,443,83,False,test
KC1,444,402,False,train
KC1,445,402,False,train
KC1,446,402,False,train
KC1,447,83,False,test
KC1,448,403,False,train
KC1,449,83,False,test
KC1,450,83,False,test
KC1,451,83,False,test
KC1,452,402,False,train
KC1,453,402,False,train
KC1,454,83,False,test
KC1,455,83,False,test
KC1,456,83,False,test
KC1,457,83,False,test
KC1,458,402,False,train
KC1,459,83,False,test
KC1,460,83,False,test
KC1,461,402,False,train
KC1,462,83,False,test
KC1,463,355,False,train
KC1,464,402,False,train
KC1,465,83,False,test
KC1,466,83,False,test
KC1,467,83,False,test
KC1,468,402,False,train
KC1,469,402,False,train
KC1,470,83,False,test
KC1,471,83,False,test
KC1,472,83,False,test
KC1,473,402,False,train
KC1,474,402,False,train
KC1,475,402,False,train
KC1,476,83,False,test
KC1,477,402,False,train
KC1,478,402,False,train
KC1,479,402,False,train
KC1,480,83,False,test
KC1,481,402,False,train
KC1,482,83,False,test
KC1,483,83,False,test
KC1,484,83,False,test
KC1,485,83,False,test
KC1,486,83,False,test
KC1,487,402,False,train
KC1,488,83,False,test
KC1,489,83,False,test
KC1,490,83,False,test
KC1,491,404,False,test
KC1,492,404,False,test
KC1,493,405,False,train
KC1,494,406,False,train
KC1,495,407,False,test
KC1,496,408,False,test
KC1,497,404,False,test
KC1,498,404,False,test
KC1,499,409,False,train
KC1,500,27,False,test
KC1,501,27,False,test
KC1,502,406,False,train
KC1,503,409,False,train
KC1,504,410,False,train
KC1,505,411,False,train
KC1,506,404,False,test
KC1,507,27,False,test
KC1,508,409,False,train
KC1,509,412,False,train
KC1,510,27,False,test
KC1,511,412,False,train
KC1,512,404,False,test
KC1,513,27,False,test
KC1,514,27,False,test
KC1,515,413,False,validation
KC1,516,414,False,train
KC1,517,365,False,train
KC1,518,366,False,test
KC1,519,143,False,validation
KC1,520,143,False,validation
KC1,521,415,False,train
KC1,522,416,False,train
KC1,523,417,False,train
KC1,524,417,False,train
KC1,525,415,False,train
KC1,526,415,False,train
KC1,527,418,False,train
KC1,528,418,False,train
KC1,529,419,False,train
KC1,530,420,False,validation
KC1,531,420,False,validation
KC1,532,421,False,train
KC1,533,422,False,train
KC1,534,423,False,test
KC1,535,420,False,validation
KC1,536,420,False,validation
KC1,537,424,False,train
KC1,538,425,False,validation
KC1,539,426,False,train
KC1,540,427,False,train
KC1,541,428,False,train
KC1,542,429,False,train
KC1,543,430,False,test
KC1,544,431,False,train
KC1,545,432,False,test
KC1,546,433,False,train
KC1,547,434,False,train
KC1,548,435,False,train
KC1,549,436,False,test
KC1,550,437,False,train
KC1,551,35,False,test
KC1,552,438,False,train
KC1,553,439,False,train
KC1,554,218,False,train
KC1,555,440,False,test
KC1,556,441,False,train
KC1,557,366,False,test
KC1,558,442,False,train
KC1,559,366,False,test
KC1,560,440,False,test
KC1,561,218,False,train
KC1,562,441,False,train
KC1,563,366,False,test
KC1,564,443,False,train
KC1,565,444,False,train
KC1,566,445,False,train
KC1,567,446,False,train
KC1,568,215,False,validation
KC1,569,447,False,validation
KC1,570,446,False,train
KC1,571,448,False,train
KC1,572,449,False,validation
KC1,573,450,False,train
KC1,574,451,False,train
KC1,575,414,False,train
KC1,576,452,False,train
KC1,577,366,False,test
KC1,578,453,False,train
KC1,579,98,False,train
KC1,580,98,False,train
KC1,581,454,False,validation
KC1,582,455,False,validation
KC1,583,456,False,train
KC1,584,37,False,test
KC1,585,457,False,validation
KC1,586,458,False,test
KC1,587,459,False,train
KC1,588,460,False,validation
KC1,589,461,False,test
KC1,590,462,False,test
KC1,591,463,False,test
KC1,592,464,False,train
KC1,593,465,False,train
KC1,594,466,False,train
KC1,595,458,False,test
KC1,596,466,False,train
KC1,597,466,False,train
KC1,598,466,False,train
KC1,599,467,False,train
KC1,600,458,False,test
KC1,601,466,False,train
KC1,602,464,False,train
KC1,603,466,False,train
KC1,604,468,False,test
KC1,605,468,False,test
KC1,606,469,False,train
KC1,607,470,False,train
KC1,608,468,False,test
KC1,609,471,False,train
KC1,610,472,False,test
KC1,611,473,False,train
KC1,612,474,False,train
KC1,613,475,False,train
KC1,614,476,False,validation
KC1,615,476,False,validation
KC1,616,477,False,train
KC1,617,478,False,train
KC1,618,479,False,train
KC1,619,480,False,train
KC1,620,481,False,train
KC1,621,451,False,train
KC1,622,446,False,train
KC1,623,482,False,train
KC1,624,414,False,train
KC1,625,218,False,train
KC1,626,452,False,train
KC1,627,366,False,test
KC1,628,483,False,train
KC1,629,452,False,train
KC1,630,366,False,test
KC1,631,414,False,train
KC1,632,218,False,train
KC1,633,452,False,train
KC1,634,366,False,test
KC1,635,484,False,train
KC1,636,485,False,train
KC1,637,486,False,validation
KC1,638,487,False,validation
KC1,639,488,False,validation
KC1,640,489,False,test
KC1,641,490,False,train
KC1,642,491,False,test
KC1,643,492,False,train
KC1,644,493,False,test
KC1,645,158,False,train
KC1,646,158,False,train
KC1,647,158,False,train
KC1,648,158,False,train
KC1,649,158,False,train
KC1,650,494,False,train
KC1,651,495,False,train
KC1,652,451,False,train
KC1,653,496,False,train
KC1,654,497,False,train
KC1,655,498,False,train
KC1,656,499,False,train
KC1,657,451,False,train
KC1,658,500,False,train
KC1,659,501,False,train
KC1,660,502,False,test
KC1,661,503,False,test
KC1,662,504,False,train
KC1,663,451,False,train
KC1,664,505,False,train
KC1,665,506,False,train
KC1,666,507,False,test
KC1,667,508,False,test
KC1,668,509,False,train
KC1,669,510,False,train
KC1,670,309,False,test
KC1,671,309,False,test
KC1,672,511,False,train
KC1,673,511,False,train
KC1,674,512,False,train
KC1,675,513,False,train
KC1,676,451,False,train
KC1,677,499,False,train
KC1,678,514,False,train
KC1,679,515,False,train
KC1,680,516,False,test
KC1,681,402,False,train
KC1,682,517,False,train
KC1,683,402,False,train
KC1,684,402,False,train
KC1,685,402,False,train
KC1,686,402,False,train
KC1,687,402,False,train
KC1,688,402,False,train
KC1,689,402,False,train
KC1,690,402,False,train
KC1,691,518,False,test
KC1,692,83,False,test
KC1,693,83,False,test
KC1,694,402,False,train
KC1,695,519,False,test
KC1,696,520,False,validation
KC1,697,402,False,train
KC1,698,402,False,train
KC1,699,402,False,train
KC1,700,402,False,train
KC1,701,402,False,train
KC1,702,402,False,train
KC1,703,355,False,train
KC1,704,402,False,train
KC1,705,402,False,train
KC1,706,83,False,test
KC1,707,402,False,train
KC1,708,521,False,train
KC1,709,522,False,train
KC1,710,521,False,train
KC1,711,522,False,train
KC1,712,451,False,train
KC1,713,523,False,validation
KC1,714,498,False,train
KC1,715,524,False,train
KC1,716,525,False,train
KC1,717,526,False,train
KC1,718,417,False,train
KC1,719,527,False,train
KC1,720,528,False,train
KC1,721,522,False,train
KC1,722,529,False,validation
KC1,723,530,False,train
KC1,724,531,False,train
KC1,725,532,False,test
KC1,726,533,False,train
KC1,727,451,False,train
KC1,728,534,False,train
KC1,729,535,False,train
KC1,730,498,False,train
KC1,731,536,False,train
KC1,732,451,False,train
KC1,733,505,False,train
KC1,734,507,False,test
KC1,735,498,False,train
KC1,736,537,False,train
KC1,737,538,False,train
KC1,738,539,False,validation
KC1,739,540,False,train
KC1,740,535,False,train
KC1,741,541,False,train
KC1,742,542,False,test
KC1,743,543,False,test
KC1,744,544,False,test
KC1,745,545,False,test
KC1,746,546,False,train
KC1,747,83,False,test
KC1,748,158,False,train
KC1,749,547,False,train
KC1,750,547,False,train
KC1,751,548,False,train
KC1,752,547,False,train
KC1,753,549,False,train
KC1,754,547,False,train
KC1,755,550,False,train
KC1,756,551,False,train
KC1,757,551,False,train
KC1,758,552,False,train
KC1,759,553,False,test
KC1,760,554,False,test
KC1,761,555,False,train
KC1,762,554,False,test
KC1,763,555,False,train
KC1,764,556,False,train
KC1,765,554,False,test
KC1,766,98,False,train
KC1,767,557,False,train
KC1,768,558,False,train
KC1,769,559,False,train
KC1,770,560,False,train
KC1,771,561,False,train
KC1,772,562,False,train
KC1,773,563,False,train
KC1,774,564,False,validation
KC1,775,565,False,train
KC1,776,564,False,validation
KC1,777,566,False,validation
KC1,778,564,False,validation
KC1,779,564,False,validation
KC1,780,567,False,train
KC1,781,564,False,validation
KC1,782,568,False,train
KC1,783,569,False,train
KC1,784,570,False,train
KC1,785,143,False,validation
KC1,786,417,False,train
KC1,787,402,False,train
KC1,788,571,False,test
KC1,789,417,False,train
KC1,790,402,False,train
KC1,791,402,False,train
KC1,792,417,False,train
KC1,793,83,False,test
KC1,794,417,False,train
KC1,795,424,False,train
KC1,796,572,False,test
KC1,797,573,False,train
KC1,798,574,False,train
KC1,799,402,False,train
KC1,800,366,False,test
KC1,801,288,False,test
KC1,802,366,False,test
KC1,803,366,False,test
KC1,804,402,False,train
KC1,805,366,False,test
KC1,806,366,False,test
KC1,807,366,False,test
KC1,808,366,False,test
KC1,809,575,False,test
KC1,810,575,False,test
KC1,811,575,False,test
KC1,812,575,False,test
KC1,813,576,False,validation
KC1,814,577,False,train
KC1,815,578,False,test
KC1,816,579,False,train
KC1,817,580,False,train
KC1,818,581,False,validation
KC1,819,581,False,validation
KC1,820,582,False,train
KC1,821,583,False,train
KC1,822,584,False,validation
KC1,823,585,False,train
KC1,824,586,False,train
KC1,825,83,False,test
KC1,826,83,False,test
KC1,827,98,False,train
KC1,828,546,False,train
KC1,829,587,False,validation
KC1,830,588,False,train
KC1,831,83,False,test
KC1,832,589,False,validation
KC1,833,590,False,test
KC1,834,591,False,train
KC1,835,158,False,train
KC1,836,592,False,validation
KC1,837,593,False,train
KC1,838,594,False,train
KC1,839,158,False,train
KC1,840,595,False,train
KC1,841,83,False,test
KC1,842,83,False,test
KC1,843,83,False,test
KC1,844,83,False,test
KC1,845,83,False,test
KC1,846,596,False,train
KC1,847,597,False,test
KC1,848,83,False,test
KC1,849,83,False,test
KC1,850,71,False,train
KC1,851,402,False,train
KC1,852,598,False,train
KC1,853,599,False,train
KC1,854,600,False,train
KC1,855,601,False,validation
KC1,856,602,False,validation
KC1,857,602,False,validation
KC1,858,603,False,train
KC1,859,158,False,train
KC1,860,158,False,train
KC1,861,158,False,train
KC1,862,158,False,train
KC1,863,590,False,test
KC1,864,604,False,train
KC1,865,605,False,train
KC1,866,606,False,validation
KC1,867,607,False,train
KC1,868,608,False,train
KC1,869,609,False,train
KC1,870,610,False,test
KC1,871,319,False,validation
KC1,872,611,False,train
KC1,873,612,False,validation
KC1,874,613,False,train
KC1,875,614,False,train
KC1,876,319,False,validation
KC1,877,158,False,train
KC1,878,381,False,train
KC1,879,158,False,train
KC1,880,615,False,test
KC1,881,616,False,train
KC1,882,415,False,train
KC1,883,415,False,train
KC1,884,415,False,train
KC1,885,417,False,train
KC1,886,146,False,train
KC1,887,617,False,test
KC1,888,417,False,train
KC1,889,618,False,train
KC1,890,619,False,validation
KC1,891,620,False,train
KC1,892,590,False,test
KC1,893,621,False,train
KC1,894,622,False,train
KC1,895,587,False,validation
KC1,896,415,False,train
KC1,897,623,False,train
KC1,898,587,False,validation
KC1,899,624,False,train
KC1,900,625,False,train
KC1,901,626,False,train
KC1,902,627,False,train
KC1,903,628,False,train
KC1,904,607,False,train
KC1,905,629,False,validation
KC1,906,415,False,train
KC1,907,415,False,train
KC1,908,158,False,train
KC1,909,630,False,train
KC1,910,631,False,train
KC1,911,632,False,test
KC1,912,633,False,validation
KC1,913,634,False,train
KC1,914,635,False,train
KC1,915,636,False,train
KC1,916,637,False,train
KC1,917,638,False,train
KC1,918,639,False,test
KC1,919,158,False,train
KC1,920,381,False,train
KC1,921,640,False,train
KC1,922,641,False,test
KC1,923,642,False,train
KC1,924,402,False,train
KC1,925,415,False,train
KC1,926,415,False,train
KC1,927,415,False,train
KC1,928,402,False,train
KC1,929,643,False,train
KC1,930,417,False,train
KC1,931,402,False,train
KC1,932,402,False,train
KC1,933,402,False,train
KC1,934,402,False,train
KC1,935,146,False,train
KC1,936,644,False,validation
KC1,937,645,False,test
KC1,938,646,False,validation
KC1,939,647,False,test
KC1,940,648,False,train
KC1,941,83,False,test
KC1,942,649,False,train
KC1,943,650,False,train
KC1,944,651,False,train
KC1,945,652,False,train
KC1,946,653,False,train
KC1,947,623,False,train
KC1,948,654,False,validation
KC1,949,655,False,validation
KC1,950,653,False,train
KC1,951,656,False,train
KC1,952,648,False,train
KC1,953,648,False,train
KC1,954,415,False,train
KC1,955,415,False,train
KC1,956,657,False,validation
KC1,957,71,False,train
KC1,958,382,False,test
KC1,959,142,False,validation
KC1,960,658,False,validation
KC1,961,402,False,train
KC1,962,659,False,train
KC1,963,660,False,validation
KC1,964,661,False,validation
KC1,965,661,False,validation
KC1,966,661,False,validation
KC1,967,661,False,validation
KC1,968,662,False,train
KC1,969,663,False,train
KC1,970,664,False,validation
KC1,971,370,False,train
KC1,972,370,False,train
KC1,973,370,False,train
KC1,974,665,False,train
KC1,975,666,False,train
KC1,976,667,False,train
KC1,977,662,False,train
KC1,978,663,False,train
KC1,979,662,False,train
KC1,980,663,False,train
KC1,981,668,False,test
KC1,982,423,False,test
KC1,983,158,False,train
KC1,984,158,False,train
KC1,985,669,False,validation
KC1,986,670,False,train
KC1,987,671,False,train
KC1,988,672,False,train
KC1,989,673,False,train
KC1,990,674,False,test
KC1,991,675,False,validation
KC1,992,676,False,validation
KC1,993,677,False,train
KC1,994,678,False,train
KC1,995,679,False,train
KC1,996,382,False,test
KC1,997,142,False,validation
KC1,998,270,False,train
KC1,999,680,False,test
KC1,1000,681,False,test
KC1,1001,682,False,train
KC1,1002,682,False,train
KC1,1003,683,False,validation
KC1,1004,684,False,train
KC1,1005,684,False,train
KC1,1006,684,False,train
KC1,1007,683,False,validation
KC1,1008,685,False,validation
KC1,1009,685,False,validation
KC1,1010,685,False,validation
KC1,1011,683,False,validation
KC1,1012,684,False,train
KC1,1013,683,False,validation
KC1,1014,686,False,train
KC1,1015,417,False,train
KC1,1016,417,False,train
KC1,1017,417,False,train
KC1,1018,417,False,train
KC1,1019,417,False,train
KC1,1020,687,False,test
KC1,1021,417,False,train
KC1,1022,417,False,train
KC1,1023,417,False,train
KC1,1024,417,False,train
KC1,1025,417,False,train
KC1,1026,417,False,train
KC1,1027,688,False,validation
KC1,1028,417,False,train
KC1,1029,143,False,validation
KC1,1030,689,False,test
KC1,1031,618,False,train
KC1,1032,524,False,train
KC1,1033,423,False,test
KC1,1034,423,False,test
KC1,1035,423,False,test
KC1,1036,690,False,train
KC1,1037,691,False,test
KC1,1038,691,False,test
KC1,1039,692,False,validation
KC1,1040,693,False,test
KC1,1041,692,False,validation
KC1,1042,694,False,test
KC1,1043,695,False,train
KC1,1044,696,False,train
KC1,1045,697,False,validation
KC1,1046,698,False,validation
KC1,1047,699,False,test
KC1,1048,681,False,test
KC1,1049,700,False,validation
KC1,1050,682,False,train
KC1,1051,701,False,train
KC1,1052,682,False,train
KC1,1053,683,False,validation
KC1,1054,684,False,train
KC1,1055,684,False,train
KC1,1056,702,False,validation
KC1,1057,684,False,train
KC1,1058,703,False,test
KC1,1059,704,False,train
KC1,1060,705,False,train
KC1,1061,706,False,train
KC1,1062,683,False,validation
KC1,1063,707,False,train
KC1,1064,685,False,validation
KC1,1065,685,False,validation
KC1,1066,685,False,validation
KC1,1067,683,False,validation
KC1,1068,708,False,test
KC1,1069,709,False,train
KC1,1070,684,False,train
KC1,1071,683,False,validation
KC1,1072,686,False,train
KC1,1073,710,False,train
KC1,1074,417,False,train
KC1,1075,689,False,test
KC1,1076,711,False,train
KC1,1077,618,False,train
KC1,1078,712,False,train
KC1,1079,713,False,train
KC1,1080,692,False,validation
KC1,1081,692,False,validation
KC1,1082,714,False,validation
KC1,1083,715,False,test
KC1,1084,716,False,train
KC1,1085,717,False,train
KC1,1086,718,False,train
KC1,1087,158,False,train
KC1,1088,661,False,validation
KC1,1089,158,False,train
KC1,1090,661,False,validation
KC1,1091,719,False,train
KC1,1092,720,False,test
KC1,1093,721,False,train
KC1,1094,722,False,validation
KC1,1095,723,False,train
KC1,1096,724,False,validation
KC1,1097,721,False,train
KC1,1098,725,False,train
KC1,1099,726,False,train
KC1,1100,721,False,train
KC1,1101,727,False,validation
KC1,1102,728,False,validation
KC1,1103,729,False,test
KC1,1104,721,False,train
KC1,1105,730,False,train
KC1,1106,731,False,train
KC1,1107,732,False,train
KC1,1108,382,False,test
KC1,1109,733,False,train
KC1,1110,382,False,test
KC1,1111,734,False,train
KC1,1112,370,False,train
KC1,1113,735,False,train
KC1,1114,719,False,train
KC1,1115,736,False,train
KC1,1116,737,False,test
KC1,1117,662,False,train
KC1,1118,663,False,train
KC1,1119,738,False,train
KC1,1120,663,False,train
KC1,1121,662,False,train
KC1,1122,738,False,train
KC1,1123,739,False,train
KC1,1124,740,False,train
KC1,1125,402,False,train
KC1,1126,662,False,train
KC1,1127,662,False,train
KC1,1128,741,False,validation
KC1,1129,402,False,train
KC1,1130,662,False,train
KC1,1131,146,False,train
KC1,1132,742,False,validation
KC1,1133,743,False,train
KC1,1134,423,False,test
KC1,1135,423,False,test
KC1,1136,423,False,test
KC1,1137,83,False,test
KC1,1138,728,False,validation
KC1,1139,721,False,train
KC1,1140,744,False,train
KC1,1141,745,False,train
KC1,1142,746,False,train
KC1,1143,731,False,train
KC1,1144,747,False,train
KC1,1145,748,False,train
KC1,1146,749,False,train
KC1,1147,721,False,train
KC1,1148,750,False,validation
KC1,1149,751,False,train
KC1,1150,731,False,train
KC1,1151,752,False,validation
KC1,1152,753,False,train
KC1,1153,738,False,train
KC1,1154,98,False,train
KC1,1155,98,False,train
KC1,1156,754,False,train
KC1,1157,158,False,train
KC1,1158,585,False,train
KC1,1159,158,False,train
KC1,1160,755,False,train
KC1,1161,158,False,train
KC1,1162,585,False,train
KC1,1163,158,False,train
KC1,1164,755,False,train
KC1,1165,158,False,train
KC1,1166,158,False,train
KC1,1167,756,False,test
KC1,1168,757,False,test
KC1,1169,758,False,train
KC1,1170,759,False,train
KC1,1171,760,False,test
KC1,1172,761,False,test
KC1,1173,762,False,test
KC1,1174,763,False,test
KC1,1175,764,False,train
KC1,1176,765,False,validation
KC1,1177,766,False,train
KC1,1178,767,False,validation
KC1,1179,768,False,test
KC1,1180,769,False,train
KC1,1181,767,False,validation
KC1,1182,770,False,train
KC1,1183,771,False,train
KC1,1184,772,False,train
KC1,1185,773,False,test
KC1,1186,774,False,train
KC1,1187,774,False,train
KC1,1188,775,False,train
KC1,1189,776,False,test
KC1,1190,777,False,test
KC1,1191,778,False,test
KC1,1192,677,False,train
KC1,1193,309,False,test
KC1,1194,779,False,train
KC1,1195,142,False,validation
KC1,1196,780,False,validation
KC1,1197,781,False,train
KC1,1198,142,False,validation
KC1,1199,142,False,validation
KC1,1200,782,False,train
KC1,1201,783,False,train
KC1,1202,780,False,validation
KC1,1203,784,False,train
KC1,1204,785,False,train
KC1,1205,780,False,validation
KC1,1206,786,False,test
KC1,1207,780,False,validation
KC1,1208,787,False,train
KC1,1209,784,False,train
KC1,1210,788,False,train
KC1,1211,142,False,validation
KC1,1212,789,False,train
KC1,1213,790,False,train
KC1,1214,382,False,test
KC1,1215,395,False,validation
KC1,1216,395,False,validation
KC1,1217,791,False,test
KC1,1218,417,False,train
KC1,1219,417,False,train
KC1,1220,417,False,train
KC1,1221,417,False,train
KC1,1222,402,False,train
KC1,1223,402,False,train
KC1,1224,402,False,train
KC1,1225,402,False,train
KC1,1226,402,False,train
KC1,1227,402,False,train
KC1,1228,402,False,train
KC1,1229,402,False,train
KC1,1230,402,False,train
KC1,1231,687,False,test
KC1,1232,687,False,test
KC1,1233,687,False,test
KC1,1234,687,False,test
KC1,1235,687,False,test
KC1,1236,402,False,train
KC1,1237,402,False,train
KC1,1238,402,False,train
KC1,1239,402,False,train
KC1,1240,402,False,train
KC1,1241,402,False,train
KC1,1242,792,False,train
KC1,1243,793,False,test
KC1,1244,794,False,test
KC1,1245,795,False,train
KC1,1246,402,False,train
KC1,1247,402,False,train
KC1,1248,796,False,train
KC1,1249,797,False,train
KC1,1250,798,False,train
KC1,1251,415,False,train
KC1,1252,799,False,train
KC1,1253,417,False,train
KC1,1254,417,False,train
KC1,1255,417,False,train
KC1,1256,417,False,train
KC1,1257,423,False,test
KC1,1258,417,False,train
KC1,1259,423,False,test
KC1,1260,417,False,train
KC1,1261,417,False,train
KC1,1262,417,False,train
KC1,1263,800,False,test
KC1,1264,801,False,validation
KC1,1265,802,False,train
KC1,1266,803,False,validation
KC1,1267,804,False,test
KC1,1268,805,False,train
KC1,1269,806,False,test
KC1,1270,807,False,train
KC1,1271,808,False,train
KC1,1272,809,False,train
KC1,1273,810,False,test
KC1,1274,811,False,train
KC1,1275,812,False,test
KC1,1276,813,False,validation
KC1,1277,807,False,train
KC1,1278,814,False,train
KC1,1279,815,False,train
KC1,1280,816,False,train
KC1,1281,817,False,train
KC1,1282,817,False,train
KC1,1283,817,False,train
KC1,1284,818,False,train
KC1,1285,819,False,train
KC1,1286,402,False,train
KC1,1287,623,False,train
KC1,1288,820,False,train
KC1,1289,820,False,train
KC1,1290,821,False,train
KC1,1291,820,False,train
KC1,1292,822,False,test
KC1,1293,823,False,train
KC1,1294,824,False,train
KC1,1295,825,False,train
KC1,1296,826,False,test
KC1,1297,827,False,train
KC1,1298,828,False,train
KC1,1299,829,False,train
KC1,1300,158,False,train
KC1,1301,158,False,train
KC1,1302,158,False,train
KC1,1303,158,False,train
KC1,1304,830,False,train
KC1,1305,158,False,train
KC1,1306,831,False,train
KC1,1307,832,False,train
KC1,1308,833,False,train
KC1,1309,834,False,validation
KC1,1310,835,False,train
KC1,1311,834,False,validation
KC1,1312,836,False,train
KC1,1313,837,False,train
KC1,1314,415,False,train
KC1,1315,838,False,validation
KC1,1316,623,False,train
KC1,1317,839,False,validation
KC1,1318,840,False,train
KC1,1319,837,False,train
KC1,1320,841,False,train
KC1,1321,842,False,test
KC1,1322,843,False,train
KC1,1323,834,False,validation
KC1,1324,415,False,train
KC1,1325,844,False,train
KC1,1326,845,False,train
KC1,1327,846,False,validation
KC1,1328,847,False,train
KC1,1329,848,False,test
KC1,1330,142,False,validation
KC1,1331,849,False,train
KC1,1332,850,False,train
KC1,1333,851,False,train
KC1,1334,142,False,validation
KC1,1335,142,False,validation
KC1,1336,713,False,train
KC1,1337,851,False,train
KC1,1338,852,False,train
KC1,1339,853,False,train
KC1,1340,854,False,validation
KC1,1341,142,False,validation
KC1,1342,142,False,validation
KC1,1343,855,False,test
KC1,1344,856,False,train
KC1,1345,402,False,train
KC1,1346,402,False,train
KC1,1347,857,False,test
KC1,1348,402,False,train
KC1,1349,417,False,train
KC1,1350,858,False,test
KC1,1351,859,False,train
KC1,1352,860,False,train
KC1,1353,861,False,train
KC1,1354,862,False,test
KC1,1355,415,False,train
KC1,1356,834,False,validation
KC1,1357,590,False,test
KC1,1358,863,False,test
KC1,1359,864,False,test
KC1,1360,864,False,test
KC1,1361,863,False,test
KC1,1362,865,False,test
KC1,1363,866,False,test
KC1,1364,867,False,test
KC1,1365,868,False,test
KC1,1366,869,False,train
KC1,1367,870,False,validation
KC1,1368,863,False,test
KC1,1369,871,False,train
KC1,1370,872,False,train
KC1,1371,873,False,train
KC1,1372,143,False,validation
KC1,1373,874,False,train
KC1,1374,875,False,test
KC1,1375,623,False,train
KC1,1376,876,False,test
KC1,1377,877,False,train
KC1,1378,878,False,train
KC1,1379,834,False,validation
KC1,1380,415,False,train
KC1,1381,879,False,test
KC1,1382,880,False,validation
KC1,1383,417,False,train
KC1,1384,417,False,train
KC1,1385,417,False,train
KC1,1386,881,False,train
KC1,1387,881,False,train
KC1,1388,882,False,train
KC1,1389,883,False,train
KC1,1390,884,False,train
KC1,1391,885,False,train
KC1,1392,886,False,train
KC1,1393,887,False,validation
KC1,1394,888,False,train
KC1,1395,889,False,train
KC1,1396,587,False,validation
KC1,1397,98,False,train
KC1,1398,587,False,validation
KC1,1399,587,False,validation
KC1,1400,587,False,validation
KC1,1401,98,False,train
KC1,1402,98,False,train
KC1,1403,590,False,test
KC1,1404,98,False,train
KC1,1405,590,False,test
KC1,1406,890,False,train
KC1,1407,417,False,train
KC1,1408,891,False,train
KC1,1409,892,False,train
KC1,1410,893,False,train
KC1,1411,417,False,train
KC1,1412,890,False,train
KC1,1413,894,False,test
KC1,1414,623,False,train
KC1,1415,895,False,train
KC1,1416,896,False,validation
KC1,1417,828,False,train
KC1,1418,897,False,train
KC1,1419,158,False,train
KC1,1420,158,False,train
KC1,1421,898,False,train
KC1,1422,158,False,train
KC1,1423,899,False,train
KC1,1424,900,False,train
KC1,1425,901,False,train
KC1,1426,902,False,test
KC1,1427,902,False,test
KC1,1428,903,False,train
KC1,1429,904,False,train
KC1,1430,905,False,train
KC1,1431,903,False,train
KC1,1432,906,False,train
KC1,1433,907,False,validation
KC1,1434,158,False,train
KC1,1435,908,False,train
KC1,1436,908,False,train
KC1,1437,909,False,train
KC1,1438,910,False,train
KC1,1439,911,False,train
KC1,1440,912,False,validation
KC1,1441,142,False,validation
KC1,1442,913,False,train
KC1,1443,914,False,test
KC1,1444,142,False,validation
KC1,1445,142,False,validation
KC1,1446,158,False,train
KC1,1447,915,False,train
KC1,1448,158,False,train
KC1,1449,916,False,test
KC1,1450,917,False,train
KC1,1451,585,False,train
KC1,1452,918,False,train
KC1,1453,919,False,train
KC1,1454,402,False,train
KC1,1455,920,False,train
KC1,1456,921,False,train
KC1,1457,922,False,train
KC1,1458,796,False,train
KC1,1459,798,False,train
KC1,1460,923,False,train
KC1,1461,924,False,train
KC1,1462,925,False,validation
KC1,1463,926,False,train
KC1,1464,927,False,train
KC1,1465,906,False,train
KC1,1466,906,False,train
KC1,1467,927,False,train
KC1,1468,928,False,train
KC1,1469,928,False,train
KC1,1470,929,False,train
KC1,1471,930,False,train
KC1,1472,931,False,validation
KC1,1473,417,False,train
KC1,1474,417,False,train
KC1,1475,417,False,train
KC1,1476,590,False,test
KC1,1477,932,False,train
KC1,1478,932,False,train
KC1,1479,933,False,train
KC1,1480,587,False,validation
KC1,1481,587,False,validation
KC1,1482,934,False,train
KC1,1483,935,False,train
KC1,1484,936,False,train
KC1,1485,937,False,train
KC1,1486,938,False,train
KC1,1487,939,False,validation
KC1,1488,940,False,validation
KC1,1489,938,False,train
KC1,1490,941,False,train
KC1,1491,942,False,train
KC1,1492,942,False,train
KC1,1493,936,False,train
KC1,1494,943,False,train
KC1,1495,944,False,test
KC1,1496,945,False,validation
KC1,1497,158,False,train
KC1,1498,158,False,train
KC1,1499,946,False,train
KC1,1500,947,False,test
KC1,1501,948,False,test
KC1,1502,949,False,test
KC1,1503,950,False,train
KC1,1504,677,False,train
KC1,1505,309,False,test
KC1,1506,382,False,test
KC1,1507,951,False,train
KC1,1508,952,False,train
KC1,1509,953,False,train
KC1,1510,395,False,validation
KC1,1511,954,False,train
KC1,1512,395,False,validation
KC1,1513,417,False,train
KC1,1514,417,False,train
KC1,1515,417,False,train
KC1,1516,417,False,train
KC1,1517,955,False,train
KC1,1518,415,False,train
KC1,1519,956,False,test
KC1,1520,423,False,test
KC1,1521,423,False,test
KC1,1522,957,False,train
KC1,1523,958,False,train
KC1,1524,959,False,train
KC1,1525,960,False,train
KC1,1526,623,False,train
KC1,1527,152,False,train
KC1,1528,961,False,train
KC1,1529,962,False,validation
KC1,1530,98,False,train
KC1,1531,590,False,test
KC1,1532,71,False,train
KC1,1533,963,False,test
KC1,1534,964,False,validation
KC1,1535,77,False,train
KC1,1536,158,False,train
KC1,1537,71,False,train
KC1,1538,965,False,test
KC1,1539,966,False,train
KC1,1540,967,False,train
KC1,1541,968,False,train
KC1,1542,969,False,train
KC1,1543,417,False,train
KC1,1544,415,False,train
KC1,1545,970,False,train
KC1,1546,971,False,train
KC1,1547,415,False,train
KC1,1548,972,False,train
KC1,1549,973,False,validation
KC1,1550,415,False,train
KC1,1551,974,False,validation
KC1,1552,975,False,train
KC1,1553,143,False,validation
KC1,1554,976,False,test
KC1,1555,977,False,train
KC1,1556,978,False,validation
KC1,1557,382,False,test
KC1,1558,382,False,test
KC1,1559,142,False,validation
KC1,1560,381,False,train
KC1,1561,979,False,train
KC1,1562,980,False,train
KC1,1563,981,False,train
KC1,1564,381,False,train
KC1,1565,381,False,train
KC1,1566,77,False,train
KC1,1567,736,False,train
KC1,1568,142,False,validation
KC1,1569,382,False,test
KC1,1570,381,False,train
KC1,1571,142,False,validation
KC1,1572,382,False,test
KC1,1573,982,False,train
KC1,1574,983,False,test
KC1,1575,368,False,validation
KC1,1576,309,False,test
KC1,1577,270,False,train
KC1,1578,382,False,test
KC1,1579,984,False,train
KC1,1580,142,False,validation
KC1,1581,382,False,test
KC1,1582,985,False,test
KC1,1583,309,False,test
KC1,1584,986,False,train
KC1,1585,382,False,test
KC1,1586,987,False,validation
KC1,1587,587,False,validation
KC1,1588,382,False,test
KC1,1589,270,False,train
KC1,1590,988,False,test
KC1,1591,989,False,validation
KC1,1592,990,False,train
KC1,1593,991,False,train
KC1,1594,992,False,test
KC1,1595,993,False,train
KC1,1596,994,False,train
KC1,1597,395,False,validation
KC1,1598,395,False,validation
KC1,1599,995,False,train
KC1,1600,143,False,validation
KC1,1601,417,False,train
KC1,1602,417,False,train
KC1,1603,417,False,train
KC1,1604,417,False,train
KC1,1605,417,False,train
KC1,1606,417,False,train
KC1,1607,402,False,train
KC1,1608,658,False,validation
KC1,1609,415,False,train
KC1,1610,415,False,train
KC1,1611,415,False,train
KC1,1612,417,False,train
KC1,1613,417,False,train
KC1,1614,996,False,train
KC1,1615,996,False,train
KC1,1616,417,False,train
KC1,1617,417,False,train
KC1,1618,417,False,train
KC1,1619,417,False,train
KC1,1620,417,False,train
KC1,1621,402,False,train
KC1,1622,417,False,train
KC1,1623,996,False,train
KC1,1624,402,False,train
KC1,1625,417,False,train
KC1,1626,417,False,train
KC1,1627,417,False,train
KC1,1628,417,False,train
KC1,1629,417,False,train
KC1,1630,997,False,train
KC1,1631,417,False,train
KC1,1632,402,False,train
KC1,1633,417,False,train
KC1,1634,996,False,train
KC1,1635,996,False,train
KC1,1636,417,False,train
KC1,1637,417,False,train
KC1,1638,417,False,train
KC1,1639,996,False,train
KC1,1640,417,False,train
KC1,1641,417,False,train
KC1,1642,417,False,train
KC1,1643,417,False,train
KC1,1644,417,False,train
KC1,1645,417,False,train
KC1,1646,417,False,train
KC1,1647,417,False,train
KC1,1648,998,False,validation
KC1,1649,417,False,train
KC1,1650,999,False,train
KC1,1651,146,False,train
KC1,1652,146,False,train
KC1,1653,143,False,validation
KC1,1654,143,False,validation
KC1,1655,1000,False,test
KC1,1656,1001,False,test
KC1,1657,402,False,train
KC1,1658,1002,False,test
KC1,1659,402,False,train
KC1,1660,1003,False,test
KC1,1661,1004,False,test
KC1,1662,417,False,train
KC1,1663,1005,False,train
KC1,1664,417,False,train
KC1,1665,1006,False,validation
KC1,1666,402,False,train
KC1,1667,1005,False,train
KC1,1668,1007,False,train
KC1,1669,415,False,train
KC1,1670,417,False,train
KC1,1671,1008,False,train
KC1,1672,415,False,train
KC1,1673,1009,False,train
KC1,1674,415,False,train
KC1,1675,423,False,test
KC1,1676,423,False,test
KC1,1677,423,False,test
KC1,1678,423,False,test
KC1,1679,423,False,test
KC1,1680,423,False,test
KC1,1681,417,False,train
KC1,1682,590,False,test
KC1,1683,423,False,test
KC1,1684,590,False,test
KC1,1685,423,False,test
KC1,1686,423,False,test
KC1,1687,423,False,test
KC1,1688,423,False,test
KC1,1689,423,False,test
KC1,1690,1010,False,train
KC1,1691,1011,False,train
KC1,1692,1012,False,train
KC1,1693,83,False,test
KC1,1694,1013,False,train
KC1,1695,1014,False,train
KC1,1696,1015,False,train
KC1,1697,1016,False,train
KC1,1698,143,False,validation
KC1,1699,415,False,train
KC1,1700,415,False,train
KC1,1701,415,False,train
KC1,1702,1017,False,train
KC1,1703,415,False,train
KC1,1704,587,False,validation
KC1,1705,1018,False,train
KC1,1706,1018,False,train
KC1,1707,1018,False,train
KC1,1708,1018,False,train
KC1,1709,1018,False,train
KC1,1710,1018,False,train
KC1,1711,623,False,train
KC1,1712,623,False,train
KC1,1713,587,False,validation
KC1,1714,1019,False,train
KC1,1715,1020,False,train
KC1,1716,1021,False,test
KC1,1717,415,False,train
KC1,1718,1018,False,train
KC1,1719,1018,False,train
KC1,1720,1018,False,train
KC1,1721,1018,False,train
KC1,1722,415,False,train
KC1,1723,415,False,train
KC1,1724,415,False,train
KC1,1725,1022,False,train
KC1,1726,623,False,train
KC1,1727,623,False,train
KC1,1728,1023,False,train
KC1,1729,970,False,train
KC1,1730,1024,False,train
KC1,1731,415,False,train
KC1,1732,417,False,train
KC1,1733,415,False,train
KC1,1734,415,False,train
KC1,1735,1025,False,train
KC1,1736,1026,False,test
KC1,1737,158,False,train
KC1,1738,158,False,train
KC1,1739,158,False,train
KC1,1740,158,False,train
KC1,1741,158,False,train
KC1,1742,158,False,train
KC1,1743,158,False,train
KC1,1744,158,False,train
KC1,1745,158,False,train
KC1,1746,1027,False,test
KC1,1747,1028,False,test
KC1,1748,1029,False,test
KC1,1749,355,False,train
KC1,1750,160,False,train
KC1,1751,1030,False,train
KC1,1752,71,False,train
KC1,1753,71,False,train
KC1,1754,1031,False,test
KC1,1755,1032,False,train
KC1,1756,98,False,train
KC1,1757,1033,False,train
KC1,1758,1034,False,validation
KC1,1759,1035,False,validation
KC1,1760,1036,False,train
KC1,1761,1037,False,validation
KC1,1762,1038,False,validation
KC1,1763,1039,False,train
KC1,1764,1040,False,test
KC1,1765,1041,False,train
KC1,1766,1042,False,train
KC1,1767,1035,False,validation
KC1,1768,1043,False,validation
KC1,1769,1037,False,validation
KC1,1770,290,False,train
KC1,1771,1044,False,train
KC1,1772,1037,False,validation
KC1,1773,1045,False,validation
KC1,1774,1046,False,train
KC1,1775,1047,False,validation
KC1,1776,1048,False,train
KC1,1777,1049,False,test
KC1,1778,1050,False,test
KC1,1779,1051,False,train
KC1,1780,1050,False,test
KC1,1781,1035,False,validation
KC1,1782,1052,False,validation
KC1,1783,1037,False,validation
KC1,1784,1053,False,train
KC1,1785,1054,False,train
KC1,1786,1055,False,test
KC1,1787,1056,False,test
KC1,1788,1057,False,test
KC1,1789,1058,False,train
KC1,1790,1059,False,train
KC1,1791,1060,False,validation
KC1,1792,1061,False,train
KC1,1793,1062,False,test
KC1,1794,1063,False,train
KC1,1795,1064,False,test
KC1,1796,1065,False,test
KC1,1797,1066,False,validation
KC1,1798,1067,False,train
KC1,1799,1068,False,train
KC1,1800,1069,False,train
KC1,1801,594,False,train
KC1,1802,1070,False,train
KC1,1803,1071,False,test
KC1,1804,158,False,train
KC1,1805,158,False,train
KC1,1806,158,False,train
KC1,1807,381,False,train
KC1,1808,1072,False,validation
KC1,1809,158,False,train
KC1,1810,1073,False,test
KC1,1811,1074,False,validation
KC1,1812,1075,False,train
KC1,1813,1076,False,validation
KC1,1814,71,False,train
KC1,1815,481,False,train
KC1,1816,1077,False,test
KC1,1817,1078,False,test
KC1,1818,1079,False,train
KC1,1819,1080,False,train
KC1,1820,1056,False,test
KC1,1821,71,False,train
KC1,1822,1081,False,test
KC1,1823,585,False,train
KC1,1824,71,False,train
KC1,1825,585,False,train
KC1,1826,71,False,train
KC1,1827,71,False,train
KC1,1828,1082,False,train
KC1,1829,1083,False,test
KC1,1830,1084,False,test
KC1,1831,1083,False,test
KC1,1832,402,False,train
KC1,1833,417,False,train
KC1,1834,1031,False,test
KC1,1835,402,False,train
KC1,1836,1066,False,validation
KC1,1837,1085,False,validation
KC1,1838,1086,False,train
KC1,1839,402,False,train
KC1,1840,1087,False,train
KC1,1841,83,False,test
KC1,1842,83,False,test
KC1,1843,1088,False,validation
KC1,1844,402,False,train
KC1,1845,1089,False,train
KC1,1846,1084,False,test
KC1,1847,1082,False,train
KC1,1848,402,False,train
KC1,1849,1090,False,train
KC1,1850,1091,False,train
KC1,1851,1092,False,train
KC1,1852,402,False,train
KC1,1853,402,False,train
KC1,1854,402,False,train
KC1,1855,402,False,train
KC1,1856,1093,False,train
KC1,1857,1086,False,train
KC1,1858,1094,False,train
KC1,1859,402,False,train
KC1,1860,402,False,train
KC1,1861,402,False,train
KC1,1862,402,False,train
KC1,1863,83,False,test
KC1,1864,83,False,test
KC1,1865,83,False,test
KC1,1866,83,False,test
KC1,1867,1095,False,train
KC1,1868,1096,False,train
KC1,1869,1097,False,train
KC1,1870,402,False,train
KC1,1871,1098,False,test
KC1,1872,402,False,train
KC1,1873,402,False,train
KC1,1874,71,False,train
KC1,1875,1099,False,train
KC1,1876,143,False,validation
KC1,1877,585,False,train
KC1,1878,1100,False,train
KC1,1879,1101,False,train
KC1,1880,1102,False,train
KC1,1881,1103,False,train
KC1,1882,1037,False,validation
KC1,1883,1104,False,train
KC1,1884,1035,False,validation
KC1,1885,1052,False,validation
KC1,1886,1037,False,validation
KC1,1887,1031,False,test
KC1,1888,1105,False,train
KC1,1889,71,False,train
KC1,1890,1106,False,train
KC1,1891,1106,False,train
KC1,1892,1106,False,train
KC1,1893,1106,False,train
KC1,1894,1106,False,train
KC1,1895,1107,False,test
KC1,1896,1108,False,train
KC1,1897,1106,False,train
KC1,1898,1106,False,train
KC1,1899,1106,False,train
KC1,1900,1106,False,train
KC1,1901,1106,False,train
KC1,1902,1109,False,validation
KC1,1903,1107,False,test
KC1,1904,424,False,train
KC1,1905,1110,False,validation
KC1,1906,71,False,train
KC1,1907,71,False,train
KC1,1908,585,False,train
KC1,1909,1107,False,test
KC1,1910,1107,False,test
KC1,1911,1083,False,test
KC1,1912,585,False,train
KC1,1913,71,False,train
KC1,1914,1099,False,train
KC1,1915,1099,False,train
KC1,1916,1111,False,train
KC1,1917,1112,False,validation
KC1,1918,1113,False,validation
KC1,1919,1114,False,validation
KC1,1920,290,False,train
KC1,1921,1115,False,train
KC1,1922,1037,False,validation
KC1,1923,1116,False,train
KC1,1924,1117,False,train
KC1,1925,1118,False,train
KC1,1926,1032,False,train
KC1,1927,1119,False,validation
KC1,1928,1120,False,test
KC1,1929,1083,False,test
KC1,1930,1121,False,train
KC1,1931,1122,False,validation
KC1,1932,1123,False,train
KC1,1933,1124,False,train
KC1,1934,585,False,train
KC1,1935,426,False,train
KC1,1936,1125,False,train
KC1,1937,1126,False,train
KC1,1938,1127,False,train
KC1,1939,1128,False,validation
KC1,1940,355,False,train
KC1,1941,1129,False,validation
KC1,1942,1130,False,train
KC1,1943,1131,False,train
KC1,1944,1132,False,train
KC1,1945,1133,False,test
KC1,1946,1031,False,test
KC1,1947,1134,False,train
KC1,1948,71,False,train
KC1,1949,1135,False,train
KC1,1950,585,False,train
KC1,1951,71,False,train
KC1,1952,585,False,train
KC1,1953,1136,False,train
KC1,1954,1137,False,validation
KC1,1955,71,False,train
KC1,1956,158,False,train
KC1,1957,1138,False,validation
KC1,1958,1139,False,test
KC1,1959,158,False,train
KC1,1960,83,False,test
KC1,1961,158,False,train
KC1,1962,158,False,train
KC1,1963,1140,False,train
KC1,1964,603,False,train
KC1,1965,1141,False,train
KC1,1966,1142,False,test
KC1,1967,603,False,train
KC1,1968,1143,False,train
KC1,1969,1144,False,validation
KC1,1970,1145,False,validation
KC1,1971,1146,False,train
KC1,1972,415,False,train
KC1,1973,971,False,train
KC1,1974,415,False,train
KC1,1975,973,False,validation
KC1,1976,402,False,train
KC1,1977,402,False,train
KC1,1978,415,False,train
KC1,1979,1147,False,validation
KC1,1980,1148,False,train
KC1,1981,1148,False,train
KC1,1982,1149,False,train
KC1,1983,382,False,test
KC1,1984,158,False,train
KC1,1985,142,False,validation
KC1,1986,382,False,test
KC1,1987,1150,False,train
KC1,1988,381,False,train
KC1,1989,142,False,validation
KC1,1990,382,False,test
KC1,1991,1151,False,test
KC1,1992,381,False,train
KC1,1993,309,False,test
KC1,1994,270,False,train
KC1,1995,382,False,test
KC1,1996,1152,False,train
KC1,1997,142,False,validation
KC1,1998,734,False,train
KC1,1999,158,False,train
KC1,2000,158,False,train
KC1,2001,851,False,train
KC1,2002,851,False,train
KC1,2003,158,False,train
KC1,2004,1153,False,train
KC1,2005,83,False,test
KC1,2006,587,False,validation
KC1,2007,382,False,test
KC1,2008,1154,False,train
KC1,2009,1155,False,validation
KC1,2010,395,False,validation
KC1,2011,1156,False,train
KC1,2012,1157,False,train
KC1,2013,395,False,validation
KC1,2014,1158,False,train
KC1,2015,1159,False,train
KC1,2016,906,False,train
KC1,2017,417,False,train
KC1,2018,417,False,train
KC1,2019,1160,False,train
KC1,2020,417,False,train
KC1,2021,417,False,train
KC1,2022,417,False,train
KC1,2023,417,False,train
KC1,2024,417,False,train
KC1,2025,1161,False,train
KC1,2026,417,False,train
KC1,2027,402,False,train
KC1,2028,417,False,train
KC1,2029,417,False,train
KC1,2030,417,False,train
KC1,2031,417,False,train
KC1,2032,417,False,train
KC1,2033,1162,False,test
KC1,2034,1163,False,train
KC1,2035,417,False,train
KC1,2036,417,False,train
KC1,2037,417,False,train
KC1,2038,417,False,train
KC1,2039,417,False,train
KC1,2040,417,False,train
KC1,2041,417,False,train
KC1,2042,146,False,train
KC1,2043,1164,False,train
KC1,2044,1165,False,train
KC1,2045,402,False,train
KC1,2046,402,False,train
KC1,2047,1002,False,test
KC1,2048,1003,False,test
KC1,2049,417,False,train
KC1,2050,1005,False,train
KC1,2051,417,False,train
KC1,2052,1005,False,train
KC1,2053,1007,False,train
KC1,2054,417,False,train
KC1,2055,415,False,train
KC1,2056,1166,False,train
KC1,2057,1167,False,train
KC1,2058,1168,False,test
KC1,2059,1169,False,validation
KC1,2060,415,False,train
KC1,2061,1009,False,train
KC1,2062,1170,False,train
KC1,2063,1170,False,train
KC1,2064,1171,False,train
KC1,2065,423,False,test
KC1,2066,423,False,test
KC1,2067,423,False,test
KC1,2068,423,False,test
KC1,2069,423,False,test
KC1,2070,423,False,test
KC1,2071,1172,False,test
KC1,2072,1173,False,test
KC1,2073,423,False,test
KC1,2074,1174,False,train
KC1,2075,1174,False,train
KC1,2076,1013,False,train
KC1,2077,1175,False,train
KC1,2078,1176,False,validation
KC1,2079,1176,False,validation
KC1,2080,1177,False,train
KC1,2081,1177,False,train
KC1,2082,1016,False,train
KC1,2083,143,False,validation
KC1,2084,415,False,train
KC1,2085,415,False,train
KC1,2086,415,False,train
KC1,2087,1178,False,train
KC1,2088,1179,False,train
KC1,2089,1178,False,train
KC1,2090,1179,False,train
KC1,2091,1180,False,train
KC1,2092,1181,False,train
KC1,2093,1182,False,train
KC1,2094,415,False,train
KC1,2095,587,False,validation
KC1,2096,415,False,train
KC1,2097,1183,False,validation
KC1,2098,1184,False,test
KC1,2099,1185,False,train
KC1,2100,1186,False,train
KC1,2101,1022,False,train
KC1,2102,1187,False,train
KC1,2103,623,False,train
KC1,2104,1188,False,test
KC1,2105,1189,False,train
KC1,2106,417,False,train
KC1,2107,1190,False,train
KC1,2108,1191,False,validation
