dataset,reference_variant,ablation_variant,ablation_description,metric,analysis_group,n_pairs,reference_mean,ablation_mean,mean_difference_ablation_minus_reference,sd_paired_difference,ci95_lower,ci95_upper,paired_cohens_d,paired_rank_biserial,wilcoxon_statistic,wilcoxon_p_value,wilcoxon_p_holm_by_metric,exact_sign_flip_p_value,sign_flip_p_holm_by_metric,observed_direction
CM1,A0_full_hybrid_attention,A1_no_self_attention,Self-attention removed,accuracy,supplementary,5,0.8895238095238096,0.9047619047619048,0.01523809523809525,0.005216405309573053,0.008761072565159417,0.021715117911031083,2.9211869733608644,1.0,0.0,0.0625,0.9375,0.0625,0.9375,ablation_higher
CM1,A0_full_hybrid_attention,A2_no_semantic_tokenization,Semantic feature-group tokenization removed,accuracy,supplementary,5,0.8895238095238096,0.900952380952381,0.011428571428571432,0.01241752839086224,-0.003989826521035361,0.026846969378178223,0.9203579866168409,0.7333333333333333,2.0,0.1875,1.0,0.1875,1.0,ablation_higher
CM1,A0_full_hybrid_attention,A3_single_head_attention,Four attention heads changed to one head,accuracy,supplementary,5,0.8895238095238096,0.8857142857142858,-0.003809523809523796,0.012777531299998857,-0.01967492441065415,0.012055876791606556,-0.29814239699996953,-0.2,6.0,0.8125,1.0,0.75,1.0,ablation_lower
JM1,A0_full_hybrid_attention,A1_no_self_attention,Self-attention removed,accuracy,supplementary,5,0.8411414982164092,0.8401902497027349,-0.0009512485136742077,0.0016002084215763982,-0.002938169700368097,0.0010356726730196813,-0.5944528855416928,-0.5333333333333333,3.5,0.4375,1.0,0.375,1.0,ablation_lower
JM1,A0_full_hybrid_attention,A2_no_semantic_tokenization,Semantic feature-group tokenization removed,accuracy,supplementary,5,0.8411414982164092,0.838446294094332,-0.0026952041220768886,0.0012344361079981955,-0.004227958995461025,-0.0011624492486927529,-2.183348416831006,-1.0,0.0,0.0625,0.9375,0.0625,0.9375,ablation_lower
JM1,A0_full_hybrid_attention,A3_single_head_attention,Four attention heads changed to one head,accuracy,supplementary,5,0.8411414982164092,0.8397146254458978,-0.0014268727705113228,0.001993622883861938,-0.00390228253139786,0.0010485369903752146,-0.7157184952388098,-0.7333333333333333,2.0,0.1875,1.0,0.1875,1.0,ablation_lower
KC1,A0_full_hybrid_attention,A1_no_self_attention,Self-attention removed,accuracy,supplementary,5,0.837037037037037,0.837962962962963,0.0009259259259259079,0.0035105904833571855,-0.0034330478896954686,0.0052848997415472845,0.2637521893583107,0.4,3.0,0.625,1.0,0.75,1.0,ablation_higher
KC1,A0_full_hybrid_attention,A2_no_semantic_tokenization,Semantic feature-group tokenization removed,accuracy,supplementary,5,0.837037037037037,0.8449074074074074,0.007870370370370394,0.004800102165122154,0.0019102563242382638,0.013830484416502524,1.6396255953794072,1.0,0.0,0.0625,0.9375,0.0625,0.9375,ablation_higher
KC1,A0_full_hybrid_attention,A3_single_head_attention,Four attention heads changed to one head,accuracy,supplementary,5,0.837037037037037,0.8356481481481481,-0.001388888888888884,0.005329103904269111,-0.00800584534950697,0.0052280675717292025,-0.260623345657842,-0.3,3.5,0.875,1.0,0.75,1.0,ablation_lower
KC2,A0_full_hybrid_attention,A1_no_self_attention,Self-attention removed,accuracy,supplementary,5,0.8399999999999999,0.8363636363636363,-0.0036363636363636598,0.01378704626191187,-0.020755242621349444,0.013482515348622125,-0.2637521893583173,-0.4,3.0,0.625,1.0,0.5,1.0,ablation_lower
KC2,A0_full_hybrid_attention,A2_no_semantic_tokenization,Semantic feature-group tokenization removed,accuracy,supplementary,5,0.8399999999999999,0.8418181818181818,0.0018181818181817854,0.013483997249264804,-0.01492441211810894,0.01856077575447251,0.13483997249264637,0.0,3.0,1.0,1.0,1.0,1.0,ablation_higher
KC2,A0_full_hybrid_attention,A3_single_head_attention,Four attention heads changed to one head,accuracy,supplementary,5,0.8399999999999999,0.8290909090909091,-0.010909090909090913,0.01348399724926481,-0.027651684845381646,0.005833503027199819,-0.8090398349558927,-0.8,1.5,0.1875,1.0,0.1875,1.0,ablation_lower
PC1,A0_full_hybrid_attention,A1_no_self_attention,Self-attention removed,accuracy,supplementary,5,0.9175925925925925,0.9166666666666666,-0.0009259259259259522,0.002070433312499864,-0.0034967084307388017,0.0016448565788868975,-0.4472135954999579,-1.0,0.0,1.0,1.0,1.0,1.0,ablation_lower
PC1,A0_full_hybrid_attention,A2_no_semantic_tokenization,Semantic feature-group tokenization removed,accuracy,supplementary,5,0.9175925925925925,0.9166666666666666,-0.0009259259259259522,0.002070433312499864,-0.0034967084307388017,0.0016448565788868975,-0.4472135954999579,-1.0,0.0,1.0,1.0,1.0,1.0,ablation_lower
PC1,A0_full_hybrid_attention,A3_single_head_attention,Four attention heads changed to one head,accuracy,supplementary,5,0.9175925925925925,0.9166666666666666,-0.0009259259259259522,0.002070433312499864,-0.0034967084307388017,0.0016448565788868975,-0.4472135954999579,-1.0,0.0,1.0,1.0,1.0,1.0,ablation_lower
CM1,A0_full_hybrid_attention,A1_no_self_attention,Self-attention removed,f1,primary,5,0.11648351648351643,0.0,-0.11648351648351643,0.06528989352752941,-0.1975516267232068,-0.03541540624382604,-1.7840972038712437,-1.0,0.0,0.125,1.0,0.125,1.0,ablation_lower
CM1,A0_full_hybrid_attention,A2_no_semantic_tokenization,Semantic feature-group tokenization removed,f1,primary,5,0.11648351648351643,0.0,-0.11648351648351643,0.06528989352752941,-0.1975516267232068,-0.03541540624382604,-1.7840972038712437,-1.0,0.0,0.125,1.0,0.125,1.0,ablation_lower
CM1,A0_full_hybrid_attention,A3_single_head_attention,Four attention heads changed to one head,f1,primary,5,0.11648351648351643,0.11076923076923073,-0.005714285714285694,0.09879983962972236,-0.1283904896108177,0.1169619181822463,-0.057836993822069346,0.0,5.0,1.0,1.0,0.875,1.0,ablation_lower
JM1,A0_full_hybrid_attention,A1_no_self_attention,Self-attention removed,f1,primary,5,0.1677261478437791,0.1599527992048979,-0.007773348638881156,0.05510869418868364,-0.07619983020099075,0.06065313292322844,-0.14105485084198172,-0.2,6.0,0.8125,1.0,0.75,1.0,ablation_lower
JM1,A0_full_hybrid_attention,A2_no_semantic_tokenization,Semantic feature-group tokenization removed,f1,primary,5,0.1677261478437791,0.14063348590604946,-0.02709266193772964,0.037023405247856876,-0.07306329132490191,0.01887796744944263,-0.7317712067908155,-0.6,3.0,0.3125,1.0,0.25,1.0,ablation_lower
JM1,A0_full_hybrid_attention,A3_single_head_attention,Four attention heads changed to one head,f1,primary,5,0.1677261478437791,0.17248209692342314,0.004755949079644067,0.02518634382465532,-0.0265170272938122,0.03602892545310033,0.1888304675245635,0.2,6.0,0.8125,1.0,0.75,1.0,ablation_higher
KC1,A0_full_hybrid_attention,A1_no_self_attention,Self-attention removed,f1,primary,5,0.1534031087437311,0.17398187032951953,0.02057876158578847,0.014325687555406927,0.0027910710987239656,0.038366452072852976,1.4364938161743903,0.8666666666666667,1.0,0.125,1.0,0.125,1.0,ablation_higher
KC1,A0_full_hybrid_attention,A2_no_semantic_tokenization,Semantic feature-group tokenization removed,f1,primary,5,0.1534031087437311,0.2249083175189225,0.0715052087751914,0.032104838897166636,0.03164178614844767,0.11136863140193512,2.2272408531382473,1.0,0.0,0.0625,0.9375,0.0625,0.9375,ablation_higher
KC1,A0_full_hybrid_attention,A3_single_head_attention,Four attention heads changed to one head,f1,primary,5,0.1534031087437311,0.16447811447811442,0.01107500573438334,0.020460378905590815,-0.01432991014229656,0.03647992161106324,0.5412903536872958,0.4666666666666667,4.0,0.4375,1.0,0.3125,1.0,ablation_higher
KC2,A0_full_hybrid_attention,A1_no_self_attention,Self-attention removed,f1,primary,5,0.44419067333678336,0.38303511838550774,-0.061155554951275636,0.04041616713021776,-0.11133885462225347,-0.010972255280297799,-1.5131458347902504,-1.0,0.0,0.0625,0.9375,0.0625,0.9375,ablation_lower
KC2,A0_full_hybrid_attention,A2_no_semantic_tokenization,Semantic feature-group tokenization removed,f1,primary,5,0.44419067333678336,0.4461559139784946,0.0019652406417112077,0.020429465661361165,-0.02340129137254105,0.02733177265596347,0.0961963799879565,0.0,3.0,1.0,1.0,1.0,1.0,ablation_higher
KC2,A0_full_hybrid_attention,A3_single_head_attention,Four attention heads changed to one head,f1,primary,5,0.44419067333678336,0.37792857142857145,-0.06626210190821194,0.06659007767190318,-0.14894460399100662,0.016420400174582725,-0.9950747051939597,-0.7333333333333333,2.0,0.1875,1.0,0.1875,1.0,ablation_lower
PC1,A0_full_hybrid_attention,A1_no_self_attention,Self-attention removed,f1,primary,5,0.021052631578947358,0.0,-0.021052631578947358,0.047075115315785024,-0.07950410747784836,0.03739884431995364,-0.4472135954999579,-1.0,0.0,1.0,1.0,1.0,1.0,ablation_lower
PC1,A0_full_hybrid_attention,A2_no_semantic_tokenization,Semantic feature-group tokenization removed,f1,primary,5,0.021052631578947358,0.0,-0.021052631578947358,0.047075115315785024,-0.07950410747784836,0.03739884431995364,-0.4472135954999579,-1.0,0.0,1.0,1.0,1.0,1.0,ablation_lower
PC1,A0_full_hybrid_attention,A3_single_head_attention,Four attention heads changed to one head,f1,primary,5,0.021052631578947358,0.0,-0.021052631578947358,0.047075115315785024,-0.07950410747784836,0.03739884431995364,-0.4472135954999579,-1.0,0.0,1.0,1.0,1.0,1.0,ablation_lower
CM1,A0_full_hybrid_attention,A1_no_self_attention,Self-attention removed,pr_auc,primary,5,0.26280793392223106,0.21367244726547607,-0.04913548665675503,0.037607032119391766,-0.09583078451869648,-0.002440188794813586,-1.3065505010010803,-0.8666666666666667,1.0,0.125,1.0,0.125,1.0,ablation_lower
CM1,A0_full_hybrid_attention,A2_no_semantic_tokenization,Semantic feature-group tokenization removed,pr_auc,primary,5,0.26280793392223106,0.30393031083085764,0.04112237690862652,0.01000251821602915,0.028702610148405763,0.053542143668847283,4.111202401284054,1.0,0.0,0.0625,0.9375,0.0625,0.9375,ablation_higher
CM1,A0_full_hybrid_attention,A3_single_head_attention,Four attention heads changed to one head,pr_auc,primary,5,0.26280793392223106,0.25382092137955115,-0.008987012542679923,0.01831888216012969,-0.0317329090082502,0.013758883922890356,-0.4905873875994352,-0.6,3.0,0.3125,1.0,0.3125,1.0,ablation_lower
JM1,A0_full_hybrid_attention,A1_no_self_attention,Self-attention removed,pr_auc,primary,5,0.3792354380074763,0.37697699384058964,-0.002258444166886653,0.00615517868559553,-0.009901107943301802,0.005384219609528496,-0.3669177260721786,-0.4666666666666667,4.0,0.4375,1.0,0.5,1.0,ablation_lower
JM1,A0_full_hybrid_attention,A2_no_semantic_tokenization,Semantic feature-group tokenization removed,pr_auc,primary,5,0.3792354380074763,0.36494364948184266,-0.014291788525633587,0.004093896857398541,-0.01937503286582489,-0.00920854418544228,-3.4909986800974946,-1.0,0.0,0.0625,0.9375,0.0625,0.9375,ablation_lower
JM1,A0_full_hybrid_attention,A3_single_head_attention,Four attention heads changed to one head,pr_auc,primary,5,0.3792354380074763,0.3786158565606727,-0.0006195814468035298,0.007722196133953651,-0.010207954373402089,0.00896879147979503,-0.08023383970776111,-0.06666666666666667,7.0,1.0,1.0,0.875,1.0,ablation_lower
KC1,A0_full_hybrid_attention,A1_no_self_attention,Self-attention removed,pr_auc,primary,5,0.35857753752154486,0.35666705157302586,-0.0019104859485189695,0.005517177138354764,-0.008760966172926961,0.004939994275889021,-0.3462796101356791,-0.3333333333333333,5.0,0.625,1.0,0.5,1.0,ablation_lower
KC1,A0_full_hybrid_attention,A2_no_semantic_tokenization,Semantic feature-group tokenization removed,pr_auc,primary,5,0.35857753752154486,0.3724459262905212,0.01386838876897637,0.01911001144260813,-0.009859824444572172,0.03759660198252491,0.7257132634706374,1.0,0.0,0.0625,0.9375,0.0625,0.9375,ablation_higher
KC1,A0_full_hybrid_attention,A3_single_head_attention,Four attention heads changed to one head,pr_auc,primary,5,0.35857753752154486,0.35134439812257234,-0.007233139398972466,0.015223321969910933,-0.026135390222075314,0.011669111424130383,-0.4751354148108309,-0.4666666666666667,4.0,0.4375,1.0,0.375,1.0,ablation_lower
KC2,A0_full_hybrid_attention,A1_no_self_attention,Self-attention removed,pr_auc,primary,5,0.581355140882453,0.5846974895280439,0.003342348645590976,0.00882660395759743,-0.0076173277149606386,0.01430202500614259,0.37866756701076126,0.3333333333333333,5.0,0.625,1.0,0.5625,1.0,ablation_higher
KC2,A0_full_hybrid_attention,A2_no_semantic_tokenization,Semantic feature-group tokenization removed,pr_auc,primary,5,0.581355140882453,0.6054646801990408,0.024109539316587724,0.02213969954989589,-0.003380528545566138,0.05159960717874158,1.0889731932564142,0.8666666666666667,1.0,0.125,1.0,0.125,1.0,ablation_higher
KC2,A0_full_hybrid_attention,A3_single_head_attention,Four attention heads changed to one head,pr_auc,primary,5,0.581355140882453,0.579212788459296,-0.002142352423157012,0.007653737412510655,-0.01164572261997674,0.007361017773662717,-0.2799093185056445,-0.4666666666666667,4.0,0.4375,1.0,0.5,1.0,ablation_lower
PC1,A0_full_hybrid_attention,A1_no_self_attention,Self-attention removed,pr_auc,primary,5,0.23990893000697006,0.2156032922927967,-0.024305637714173378,0.020894187281201737,-0.05024919783296861,0.0016379224046218568,-1.1632727029321157,-1.0,0.0,0.0625,0.9375,0.0625,0.9375,ablation_lower
PC1,A0_full_hybrid_attention,A2_no_semantic_tokenization,Semantic feature-group tokenization removed,pr_auc,primary,5,0.23990893000697006,0.21437613801892158,-0.025532791988048482,0.03975508219807418,-0.07489524629902865,0.023829662322931683,-0.6422522750886261,-0.6,3.0,0.3125,1.0,0.3125,1.0,ablation_lower
PC1,A0_full_hybrid_attention,A3_single_head_attention,Four attention heads changed to one head,pr_auc,primary,5,0.23990893000697006,0.24349888242388698,0.0035899524169168973,0.018564207616101332,-0.019460555835176294,0.026640460669010088,0.19338032040770844,0.2,6.0,0.8125,1.0,0.6875,1.0,ablation_higher
CM1,A0_full_hybrid_attention,A1_no_self_attention,Self-attention removed,precision,supplementary,5,0.21666666666666665,0.0,-0.21666666666666665,0.12638125740085918,-0.3735897240290368,-0.05974360930429648,-1.714389230829046,-1.0,0.0,0.125,1.0,0.125,1.0,ablation_lower
CM1,A0_full_hybrid_attention,A2_no_semantic_tokenization,Semantic feature-group tokenization removed,precision,supplementary,5,0.21666666666666665,0.0,-0.21666666666666665,0.12638125740085918,-0.3735897240290368,-0.05974360930429648,-1.714389230829046,-1.0,0.0,0.125,1.0,0.125,1.0,ablation_lower
CM1,A0_full_hybrid_attention,A3_single_head_attention,Four attention heads changed to one head,precision,supplementary,5,0.21666666666666665,0.18666666666666668,-0.029999999999999992,0.18611525700191506,-0.2610926141357194,0.20109261413571938,-0.16119043910350295,0.0,5.0,1.0,1.0,0.875,1.0,ablation_lower
JM1,A0_full_hybrid_attention,A1_no_self_attention,Self-attention removed,precision,supplementary,5,0.6591247009101033,0.6458367299980277,-0.013287970912075652,0.04733921912051104,-0.07206737499709358,0.045491433172942276,-0.2806968758451334,-0.3333333333333333,5.0,0.625,1.0,0.625,1.0,ablation_lower
JM1,A0_full_hybrid_attention,A2_no_semantic_tokenization,Semantic feature-group tokenization removed,precision,supplementary,5,0.6591247009101033,0.6133576088055286,-0.045767092104574816,0.030117446352727187,-0.0831628409585895,-0.008371343250560132,-1.5196206068922085,-1.0,0.0,0.0625,0.9375,0.0625,0.9375,ablation_lower
JM1,A0_full_hybrid_attention,A3_single_head_attention,Four attention heads changed to one head,precision,supplementary,5,0.6591247009101033,0.6161533204321641,-0.04297138047793936,0.04431616990000923,-0.09799717318106223,0.012054412225183511,-0.9696546559618278,-0.8666666666666667,1.0,0.125,1.0,0.125,1.0,ablation_lower
KC1,A0_full_hybrid_attention,A1_no_self_attention,Self-attention removed,precision,supplementary,5,0.394733893557423,0.41342105263157897,0.018687159074155968,0.038620566881811834,-0.029266608413210486,0.06664092656152243,0.4838654784986233,0.4666666666666667,4.0,0.4375,1.0,0.375,1.0,ablation_higher
KC1,A0_full_hybrid_attention,A2_no_semantic_tokenization,Semantic feature-group tokenization removed,precision,supplementary,5,0.394733893557423,0.495625730994152,0.1008918374367291,0.03868439794422654,0.052858813217195204,0.14892486165626298,2.608075679042246,1.0,0.0,0.0625,0.9375,0.0625,0.9375,ablation_higher
KC1,A0_full_hybrid_attention,A3_single_head_attention,Four attention heads changed to one head,precision,supplementary,5,0.394733893557423,0.3932773109243697,-0.0014565826330532495,0.06098033425586135,-0.07717366827698816,0.07426050301088166,-0.023886104443798527,-0.2,6.0,0.8125,1.0,0.9375,1.0,ablation_lower
KC2,A0_full_hybrid_attention,A1_no_self_attention,Self-attention removed,precision,supplementary,5,0.6754700854700855,0.6890476190476191,0.013577533577533574,0.07211018354405771,-0.07595908523298857,0.10311415238805573,0.1882887119436883,0.06666666666666667,7.0,1.0,1.0,0.75,1.0,ablation_higher
KC2,A0_full_hybrid_attention,A2_no_semantic_tokenization,Semantic feature-group tokenization removed,precision,supplementary,5,0.6754700854700855,0.6773737373737373,0.0019036519036518928,0.0899678744777339,-0.10980621883026577,0.11361352263756956,0.02115924061452654,0.0,3.0,1.0,1.0,1.0,1.0,ablation_higher
KC2,A0_full_hybrid_attention,A3_single_head_attention,Four attention heads changed to one head,precision,supplementary,5,0.6754700854700855,0.6792207792207792,0.0037506937506937453,0.14275802968553186,-0.17350681216433572,0.18100819966572324,0.02627308431585805,-0.06666666666666667,7.0,1.0,1.0,0.9375,1.0,ablation_higher
PC1,A0_full_hybrid_attention,A1_no_self_attention,Self-attention removed,precision,supplementary,5,0.2,0.0,-0.2,0.44721359549995804,-0.75528902103956,0.3552890210395599,-0.44721359549995787,-1.0,0.0,1.0,1.0,1.0,1.0,ablation_lower
PC1,A0_full_hybrid_attention,A2_no_semantic_tokenization,Semantic feature-group tokenization removed,precision,supplementary,5,0.2,0.0,-0.2,0.44721359549995804,-0.75528902103956,0.3552890210395599,-0.44721359549995787,-1.0,0.0,1.0,1.0,1.0,1.0,ablation_lower
PC1,A0_full_hybrid_attention,A3_single_head_attention,Four attention heads changed to one head,precision,supplementary,5,0.2,0.0,-0.2,0.44721359549995804,-0.75528902103956,0.3552890210395599,-0.44721359549995787,-1.0,0.0,1.0,1.0,1.0,1.0,ablation_lower
CM1,A0_full_hybrid_attention,A1_no_self_attention,Self-attention removed,recall,supplementary,5,0.08,0.0,-0.08,0.044721359549995794,-0.13552890210395596,-0.024471097896044028,-1.7888543819998317,-1.0,0.0,0.125,1.0,0.125,1.0,ablation_lower
CM1,A0_full_hybrid_attention,A2_no_semantic_tokenization,Semantic feature-group tokenization removed,recall,supplementary,5,0.08,0.0,-0.08,0.044721359549995794,-0.13552890210395596,-0.024471097896044028,-1.7888543819998317,-1.0,0.0,0.125,1.0,0.125,1.0,ablation_lower
CM1,A0_full_hybrid_attention,A3_single_head_attention,Four attention heads changed to one head,recall,supplementary,5,0.08,0.08,0.0,0.07071067811865477,-0.08779890330850847,0.08779890330850847,0.0,0.0,1.5,1.0,1.0,1.0,1.0,equal
JM1,A0_full_hybrid_attention,A1_no_self_attention,Self-attention removed,recall,supplementary,5,0.09666666666666664,0.09190476190476185,-0.0047619047619047615,0.03677010764638213,-0.05041802363649448,0.040894214112684964,-0.12950478164763526,-0.26666666666666666,5.5,0.8125,1.0,0.75,1.0,ablation_lower
JM1,A0_full_hybrid_attention,A2_no_semantic_tokenization,Semantic feature-group tokenization removed,recall,supplementary,5,0.09666666666666664,0.07952380952380948,-0.01714285714285714,0.024478691738047356,-0.047537167397118524,0.013251453111404243,-0.700317538465992,-0.6,3.0,0.3125,1.0,0.25,1.0,ablation_lower
JM1,A0_full_hybrid_attention,A3_single_head_attention,Four attention heads changed to one head,recall,supplementary,5,0.09666666666666664,0.10095238095238093,0.004285714285714297,0.017284468012268107,-0.01717578737322363,0.02574721594465222,0.2479517612386102,0.2,6.0,0.8125,1.0,0.625,1.0,ablation_higher
KC1,A0_full_hybrid_attention,A1_no_self_attention,Self-attention removed,recall,supplementary,5,0.09552238805970144,0.1104477611940298,0.014925373134328356,0.010553832555023087,0.0018210592076853185,0.028029687060971392,1.4142135623730963,1.0,0.0,0.125,1.0,0.125,1.0,ablation_higher
KC1,A0_full_hybrid_attention,A2_no_semantic_tokenization,Semantic feature-group tokenization removed,recall,supplementary,5,0.09552238805970144,0.14626865671641784,0.05074626865671642,0.024974926165196316,0.019735801979594902,0.08175673533383794,2.0318886358684667,1.0,0.0,0.0625,0.9375,0.0625,0.9375,ablation_higher
KC1,A0_full_hybrid_attention,A3_single_head_attention,Four attention heads changed to one head,recall,supplementary,5,0.09552238805970144,0.10447761194029848,0.008955223880597041,0.013349659567162902,-0.00762056779222561,0.025531015553419693,0.67082039324994,0.8,1.5,0.1875,1.0,0.1875,1.0,ablation_higher
KC2,A0_full_hybrid_attention,A1_no_self_attention,Self-attention removed,recall,supplementary,5,0.3333333333333333,0.2666666666666666,-0.0666666666666667,0.026082026547865098,-0.09905178003134565,-0.03428155330198773,-2.556038601690772,-1.0,0.0,0.0625,0.9375,0.0625,0.9375,ablation_lower
KC2,A0_full_hybrid_attention,A2_no_semantic_tokenization,Semantic feature-group tokenization removed,recall,supplementary,5,0.3333333333333333,0.3333333333333333,0.0,0.0,0.0,0.0,0.0,0.0,0.0,1.0,1.0,1.0,1.0,equal
KC2,A0_full_hybrid_attention,A3_single_head_attention,Four attention heads changed to one head,recall,supplementary,5,0.3333333333333333,0.27619047619047615,-0.05714285714285716,0.06208764195431097,-0.13423484689089082,0.019949132605176514,-0.9203579866168444,-1.0,0.0,0.25,1.0,0.25,1.0,ablation_lower
PC1,A0_full_hybrid_attention,A1_no_self_attention,Self-attention removed,recall,supplementary,5,0.0111111111111111,0.0,-0.0111111111111111,0.024845199749997632,-0.04196050116886438,0.01973827894664218,-0.44721359549995804,-1.0,0.0,1.0,1.0,1.0,1.0,ablation_lower
PC1,A0_full_hybrid_attention,A2_no_semantic_tokenization,Semantic feature-group tokenization removed,recall,supplementary,5,0.0111111111111111,0.0,-0.0111111111111111,0.024845199749997632,-0.04196050116886438,0.01973827894664218,-0.44721359549995804,-1.0,0.0,1.0,1.0,1.0,1.0,ablation_lower
PC1,A0_full_hybrid_attention,A3_single_head_attention,Four attention heads changed to one head,recall,supplementary,5,0.0111111111111111,0.0,-0.0111111111111111,0.024845199749997632,-0.04196050116886438,0.01973827894664218,-0.44721359549995804,-1.0,0.0,1.0,1.0,1.0,1.0,ablation_lower
CM1,A0_full_hybrid_attention,A1_no_self_attention,Self-attention removed,roc_auc,primary,5,0.7987368421052631,0.7029473684210527,-0.0957894736842105,0.050548240857023044,-0.1585534045289087,-0.033025542839512284,-1.895011024323347,-1.0,0.0,0.0625,0.9375,0.0625,0.9375,ablation_lower
CM1,A0_full_hybrid_attention,A2_no_semantic_tokenization,Semantic feature-group tokenization removed,roc_auc,primary,5,0.7987368421052631,0.8286315789473685,0.029894736842105307,0.020875571218153803,0.003974291618584987,0.05581518206562563,1.4320440159313228,0.8666666666666667,1.0,0.125,1.0,0.125,1.0,ablation_higher
CM1,A0_full_hybrid_attention,A3_single_head_attention,Four attention heads changed to one head,roc_auc,primary,5,0.7987368421052631,0.7791578947368422,-0.01957894736842105,0.008308457793966795,-0.029895260291785106,-0.009262634445056993,-2.356508013152374,-1.0,0.0,0.0625,0.9375,0.0625,0.9375,ablation_lower
JM1,A0_full_hybrid_attention,A1_no_self_attention,Self-attention removed,roc_auc,primary,5,0.722110250662319,0.72029413762652,-0.0018161130357992271,0.003388847898404091,-0.006023923466636083,0.002391697395037628,-0.5359086893969153,-0.4666666666666667,4.0,0.4375,1.0,0.375,1.0,ablation_lower
JM1,A0_full_hybrid_attention,A2_no_semantic_tokenization,Semantic feature-group tokenization removed,roc_auc,primary,5,0.722110250662319,0.7185010076308221,-0.003609243031496967,0.0027866798209398064,-0.007069363039678844,-0.00014912302331509088,-1.295176792244382,-1.0,0.0,0.0625,0.9375,0.0625,0.9375,ablation_lower
JM1,A0_full_hybrid_attention,A3_single_head_attention,Four attention heads changed to one head,roc_auc,primary,5,0.722110250662319,0.7220458302198673,-6.442044245182909e-05,0.0020454559964280645,-0.002604189513126569,0.002475348628222911,-0.031494416190974095,0.06666666666666667,7.0,1.0,1.0,1.0,1.0,ablation_lower
KC1,A0_full_hybrid_attention,A1_no_self_attention,Self-attention removed,roc_auc,primary,5,0.7610427315477406,0.7560457984052341,-0.004996933142506621,0.012950264293221157,-0.021076810082623076,0.011082943797609835,-0.3858556882983675,-0.4666666666666667,4.0,0.4375,1.0,0.4375,1.0,ablation_lower
KC1,A0_full_hybrid_attention,A2_no_semantic_tokenization,Semantic feature-group tokenization removed,roc_auc,primary,5,0.7610427315477406,0.7773420568390922,0.016299325291351453,0.011465211559711471,0.002063384865868066,0.03053526571683484,1.42163319067107,1.0,0.0,0.0625,0.9375,0.0625,0.9375,ablation_higher
KC1,A0_full_hybrid_attention,A3_single_head_attention,Four attention heads changed to one head,roc_auc,primary,5,0.7610427315477406,0.7557145777959517,-0.005328153751788989,0.010353859071427702,-0.018184167803256247,0.007527860299678269,-0.5146055895711825,-0.6,3.0,0.3125,1.0,0.3125,1.0,ablation_lower
KC2,A0_full_hybrid_attention,A1_no_self_attention,Self-attention removed,roc_auc,primary,5,0.8231139646869983,0.8227929373996791,-0.00032102728731937536,0.007096667839146801,-0.009132704250398476,0.008490649675759727,-0.04523634113865627,-0.06666666666666667,7.0,1.0,1.0,0.9375,1.0,ablation_lower
KC2,A0_full_hybrid_attention,A2_no_semantic_tokenization,Semantic feature-group tokenization removed,roc_auc,primary,5,0.8231139646869983,0.8279293739967896,0.004815409309791319,0.007387213093356843,-0.004357027235289353,0.013987845854871991,0.6518573715061381,0.8,1.0,0.25,1.0,0.25,1.0,ablation_higher
KC2,A0_full_hybrid_attention,A3_single_head_attention,Four attention heads changed to one head,roc_auc,primary,5,0.8231139646869983,0.8161048689138577,-0.007009095773140639,0.01280257734143782,-0.02290559514222327,0.008887403595941992,-0.5474753704829771,-0.6,3.0,0.3125,1.0,0.25,1.0,ablation_lower
PC1,A0_full_hybrid_attention,A1_no_self_attention,Self-attention removed,roc_auc,primary,5,0.6886363636363637,0.671324354657688,-0.01731200897867564,0.025227689183442394,-0.048636322395630635,0.014012304438279357,-0.6862304689419582,-0.6,3.0,0.3125,1.0,0.25,1.0,ablation_lower
PC1,A0_full_hybrid_attention,A2_no_semantic_tokenization,Semantic feature-group tokenization removed,roc_auc,primary,5,0.6886363636363637,0.6959034792368126,0.0072671156004489035,0.017348430619479105,-0.014273806125094168,0.028808037325991975,0.4188918156256316,0.3333333333333333,5.0,0.625,1.0,0.5625,1.0,ablation_higher
PC1,A0_full_hybrid_attention,A3_single_head_attention,Four attention heads changed to one head,roc_auc,primary,5,0.6886363636363637,0.6865039281705949,-0.0021324354657688447,0.008308307754577684,-0.012448562090625129,0.008183691159087441,-0.256663032805197,-0.06666666666666667,7.0,1.0,1.0,0.75,1.0,ablation_lower
