dataset,model,training_seed,split_seed,threshold,train_samples,validation_samples,test_samples,train_positive,validation_positive,test_positive,validation_roc_auc,validation_pr_auc,validation_accuracy,validation_balanced_accuracy,validation_precision,validation_recall,validation_f1,validation_youden_j,validation_tn,validation_fp,validation_fn,validation_tp,test_roc_auc,test_pr_auc,test_accuracy,test_balanced_accuracy,test_precision,test_recall,test_f1,test_youden_j,test_tn,test_fp,test_fn,test_tp,mlp_iterations,mlp_final_loss
CM1,logistic_regression,42,42,0.5,309,84,105,31,8,10,0.658717105263158,0.24217908317173026,0.9047619047619048,0.5,0.0,0.0,0.0,0.0,76,0,8,0,0.8536842105263158,0.36075206768399676,0.8952380952380953,0.5394736842105263,0.3333333333333333,0.1,0.15384615384615385,0.07894736842105265,93,2,9,1,,
CM1,random_forest,42,42,0.5,309,84,105,31,8,10,0.71875,0.2774922789628672,0.9047619047619048,0.5,0.0,0.0,0.0,0.0,76,0,8,0,0.8242105263157895,0.32175558428499607,0.8857142857142857,0.48947368421052634,0.0,0.0,0.0,-0.021052631578947323,93,2,10,0,,
CM1,mlp,42,42,0.5,309,84,105,31,8,10,0.6266447368421053,0.2977990344929082,0.9047619047619048,0.5,0.0,0.0,0.0,0.0,76,0,8,0,0.8631578947368421,0.32172525023995613,0.8952380952380953,0.5394736842105263,0.3333333333333333,0.1,0.15384615384615385,0.07894736842105265,93,2,9,1,50.0,0.1693807414167417
CM1,logistic_regression,43,42,0.5,309,84,105,31,8,10,0.658717105263158,0.24217908317173026,0.9047619047619048,0.5,0.0,0.0,0.0,0.0,76,0,8,0,0.8536842105263158,0.36075206768399676,0.8952380952380953,0.5394736842105263,0.3333333333333333,0.1,0.15384615384615385,0.07894736842105265,93,2,9,1,,
CM1,random_forest,43,42,0.5,309,84,105,31,8,10,0.6981907894736842,0.27530608326561956,0.9047619047619048,0.5,0.0,0.0,0.0,0.0,76,0,8,0,0.8021052631578947,0.30976197699223285,0.8952380952380953,0.5394736842105263,0.3333333333333333,0.1,0.15384615384615385,0.07894736842105265,93,2,9,1,,
CM1,mlp,43,42,0.5,309,84,105,31,8,10,0.6562499999999999,0.25165356111096476,0.8928571428571429,0.4934210526315789,0.0,0.0,0.0,-0.013157894736842146,75,1,8,0,0.8768421052631579,0.34044156030562617,0.8857142857142857,0.48947368421052634,0.0,0.0,0.0,-0.021052631578947323,93,2,10,0,50.0,0.18769427562453614
CM1,logistic_regression,44,42,0.5,309,84,105,31,8,10,0.658717105263158,0.24217908317173026,0.9047619047619048,0.5,0.0,0.0,0.0,0.0,76,0,8,0,0.8536842105263158,0.36075206768399676,0.8952380952380953,0.5394736842105263,0.3333333333333333,0.1,0.15384615384615385,0.07894736842105265,93,2,9,1,,
CM1,random_forest,44,42,0.5,309,84,105,31,8,10,0.734375,0.28254099486684625,0.9166666666666666,0.5625,1.0,0.125,0.2222222222222222,0.125,76,0,7,1,0.8300000000000001,0.3167843871104741,0.8857142857142857,0.48947368421052634,0.0,0.0,0.0,-0.021052631578947323,93,2,10,0,,
CM1,mlp,44,42,0.5,309,84,105,31,8,10,0.683388157894737,0.3420008912655972,0.9047619047619048,0.5,0.0,0.0,0.0,0.0,76,0,8,0,0.848421052631579,0.30251985514485513,0.8952380952380953,0.5394736842105263,0.3333333333333333,0.1,0.15384615384615385,0.07894736842105265,93,2,9,1,50.0,0.1924907607107345
CM1,logistic_regression,45,42,0.5,309,84,105,31,8,10,0.658717105263158,0.24217908317173026,0.9047619047619048,0.5,0.0,0.0,0.0,0.0,76,0,8,0,0.8536842105263158,0.36075206768399676,0.8952380952380953,0.5394736842105263,0.3333333333333333,0.1,0.15384615384615385,0.07894736842105265,93,2,9,1,,
CM1,random_forest,45,42,0.5,309,84,105,31,8,10,0.6866776315789473,0.26801332192956234,0.9047619047619048,0.5,0.0,0.0,0.0,0.0,76,0,8,0,0.8326315789473684,0.3173974358974359,0.8857142857142857,0.48947368421052634,0.0,0.0,0.0,-0.021052631578947323,93,2,10,0,,
CM1,mlp,45,42,0.5,309,84,105,31,8,10,0.6669407894736843,0.3261725324144918,0.9166666666666666,0.5625,1.0,0.125,0.2222222222222222,0.125,76,0,7,1,0.8863157894736843,0.37037004662004663,0.8952380952380953,0.49473684210526314,0.0,0.0,0.0,-0.010526315789473717,94,1,10,0,50.0,0.17580967036708664
CM1,logistic_regression,46,42,0.5,309,84,105,31,8,10,0.658717105263158,0.24217908317173026,0.9047619047619048,0.5,0.0,0.0,0.0,0.0,76,0,8,0,0.8536842105263158,0.36075206768399676,0.8952380952380953,0.5394736842105263,0.3333333333333333,0.1,0.15384615384615385,0.07894736842105265,93,2,9,1,,
CM1,random_forest,46,42,0.5,309,84,105,31,8,10,0.6825657894736842,0.26496770431982103,0.9047619047619048,0.5,0.0,0.0,0.0,0.0,76,0,8,0,0.8215789473684211,0.31166716335194594,0.8857142857142857,0.48947368421052634,0.0,0.0,0.0,-0.021052631578947323,93,2,10,0,,
CM1,mlp,46,42,0.5,309,84,105,31,8,10,0.6570723684210528,0.3256554064899052,0.9047619047619048,0.555921052631579,0.5,0.125,0.2,0.11184210526315796,75,1,7,1,0.8747368421052631,0.3360993298356628,0.8952380952380953,0.5394736842105263,0.3333333333333333,0.1,0.15384615384615385,0.07894736842105265,93,2,9,1,50.0,0.1785126380252088
JM1,logistic_regression,42,42,0.5,8491,2190,2523,1336,347,420,0.6952789666015659,0.3257639168237151,0.8388127853881279,0.532291355561428,0.453125,0.08357348703170028,0.1411192214111922,0.06458271112285607,1808,35,318,29,0.7184515318252835,0.3753051177070119,0.8378913991280222,0.5416768561918348,0.5774647887323944,0.09761904761904762,0.1670061099796334,0.08335371238366962,2073,30,379,41,,
JM1,random_forest,42,42,0.5,8491,2190,2523,1336,347,420,0.683630404630966,0.3424926234936273,0.8365296803652968,0.5742110110535854,0.46153846153846156,0.19020172910662825,0.2693877551020408,0.14842202210717081,1766,77,281,66,0.7164090981138057,0.38740350878060936,0.8370986920332937,0.5831210515589974,0.5279503105590062,0.20238095238095238,0.29259896729776247,0.1662421031179948,2027,76,335,85,,
JM1,mlp,42,42,0.5,8491,2190,2523,1336,347,420,0.712519213598928,0.3447827279666686,0.836986301369863,0.5885178125503306,0.46987951807228917,0.22478386167146974,0.30409356725146197,0.1770356251006613,1755,88,269,78,0.7090692434843648,0.3788662682448468,0.8335315101070154,0.5857448542897901,0.5,0.21428571428571427,0.3,0.17148970857958012,2013,90,330,90,50.0,0.33895234942501673
JM1,logistic_regression,43,42,0.5,8491,2190,2523,1336,347,420,0.6952789666015659,0.3257639168237151,0.8388127853881279,0.532291355561428,0.453125,0.08357348703170028,0.1411192214111922,0.06458271112285607,1808,35,318,29,0.7184515318252835,0.3753051177070119,0.8378913991280222,0.5416768561918348,0.5774647887323944,0.09761904761904762,0.1670061099796334,0.08335371238366962,2073,30,379,41,,
JM1,random_forest,43,42,0.5,8491,2190,2523,1336,347,420,0.6872174643209527,0.34375824195476756,0.8388127853881279,0.5802459966130902,0.4794520547945205,0.2017291066282421,0.2839756592292089,0.16049199322618035,1767,76,277,70,0.7200235491248331,0.3862718629454731,0.8355132778438367,0.5821700292099722,0.5151515151515151,0.20238095238095238,0.2905982905982906,0.16434005841994437,2023,80,335,85,,
JM1,mlp,43,42,0.5,8491,2190,2523,1336,347,420,0.7032677582127874,0.34559442323842615,0.8438356164383561,0.5633466297431984,0.5247524752475248,0.15273775216138327,0.23660714285714285,0.12669325948639676,1795,48,294,53,0.6892149536942689,0.3436876394543084,0.8315497423701942,0.5512108552408125,0.4782608695652174,0.13095238095238096,0.205607476635514,0.10242171048162496,2043,60,365,55,50.0,0.33797880591406054
JM1,logistic_regression,44,42,0.5,8491,2190,2523,1336,347,420,0.6952789666015659,0.3257639168237151,0.8388127853881279,0.532291355561428,0.453125,0.08357348703170028,0.1411192214111922,0.06458271112285607,1808,35,318,29,0.7184515318252835,0.3753051177070119,0.8378913991280222,0.5416768561918348,0.5774647887323944,0.09761904761904762,0.1670061099796334,0.08335371238366962,2073,30,379,41,,
JM1,random_forest,44,42,0.5,8491,2190,2523,1336,347,420,0.6862073333010175,0.34457969146823453,0.8406392694063927,0.5801615584163773,0.4928571428571429,0.1988472622478386,0.28336755646817247,0.16032311683275458,1772,71,278,69,0.7189627063378846,0.3831709047778823,0.8335315101070154,0.5800285306704708,0.5,0.2,0.2857142857142857,0.16005706134094155,2019,84,336,84,,
JM1,mlp,44,42,0.5,8491,2190,2523,1336,347,420,0.7035711102528299,0.3369524276485838,0.8410958904109589,0.5734151028660514,0.49606299212598426,0.18155619596541786,0.26582278481012656,0.1468302057321027,1779,64,284,63,0.6937594819192536,0.35728435753654375,0.8363059849385652,0.5702601725426262,0.5255474452554745,0.17142857142857143,0.2585278276481149,0.14052034508525235,2038,65,348,72,50.0,0.3362767807244998
JM1,logistic_regression,45,42,0.5,8491,2190,2523,1336,347,420,0.6952789666015659,0.3257639168237151,0.8388127853881279,0.532291355561428,0.453125,0.08357348703170028,0.1411192214111922,0.06458271112285607,1808,35,318,29,0.7184515318252835,0.3753051177070119,0.8378913991280222,0.5416768561918348,0.5774647887323944,0.09761904761904762,0.1670061099796334,0.08335371238366962,2073,30,379,41,,
JM1,random_forest,45,42,0.5,8491,2190,2523,1336,347,420,0.6822653204507749,0.3423626015245396,0.8415525114155251,0.5818737774052768,0.5,0.2017291066282421,0.2874743326488706,0.16374755481055359,1773,70,277,70,0.717528247628105,0.3860063730266604,0.8347205707491082,0.5826472386386794,0.5088757396449705,0.20476190476190476,0.2920203735144312,0.1652944772773588,2020,83,334,86,,
JM1,mlp,45,42,0.5,8491,2190,2523,1336,347,420,0.7138389513401437,0.3571925867184964,0.8470319634703196,0.5921470913386738,0.5428571428571428,0.21902017291066284,0.31211498973305957,0.18429418267734765,1779,64,271,76,0.6982581572809818,0.3638495025701035,0.8378913991280222,0.5845492833367298,0.5341614906832298,0.20476190476190476,0.29604130808950085,0.16909856667345968,2028,75,334,86,50.0,0.33498026989575175
JM1,logistic_regression,46,42,0.5,8491,2190,2523,1336,347,420,0.6952789666015659,0.3257639168237151,0.8388127853881279,0.532291355561428,0.453125,0.08357348703170028,0.1411192214111922,0.06458271112285607,1808,35,318,29,0.7184515318252835,0.3753051177070119,0.8378913991280222,0.5416768561918348,0.5774647887323944,0.09761904761904762,0.1670061099796334,0.08335371238366962,2073,30,379,41,,
JM1,random_forest,46,42,0.5,8491,2190,2523,1336,347,420,0.6853559148174961,0.34232942744291495,0.8406392694063927,0.5789919330248733,0.4927536231884058,0.19596541786743515,0.2804123711340206,0.15798386604974657,1773,70,279,68,0.7172282227203769,0.38431613476889775,0.835909631391201,0.5805023435907887,0.51875,0.1976190476190476,0.28620689655172415,0.16100468718157734,2026,77,337,83,,
JM1,mlp,46,42,0.5,8491,2190,2523,1336,347,420,0.6969286387780855,0.3506795855589288,0.8351598173515982,0.574566746048996,0.4527027027027027,0.1930835734870317,0.27070707070707073,0.1491334920979921,1762,81,280,67,0.69821400267192,0.3709043769657038,0.8363059849385652,0.5826455403844848,0.5214723926380368,0.20238095238095238,0.2915951972555746,0.1652910807689696,2025,78,335,85,50.0,0.33971183781573555
KC1,logistic_regression,42,42,0.5,1370,307,432,209,50,67,0.7891050583657588,0.5071077288026293,0.8599348534201955,0.6344357976653696,0.6521739130434783,0.3,0.410958904109589,0.26887159533073923,249,8,35,15,0.7800245348599468,0.4164660042762571,0.8472222222222222,0.5562052749948886,0.5294117647058824,0.13432835820895522,0.21428571428571427,0.11241054998977718,357,8,58,9,,
KC1,random_forest,42,42,0.5,1370,307,432,209,50,67,0.8260700389105059,0.5408604128468185,0.8697068403908795,0.7047081712062256,0.6388888888888888,0.46,0.5348837209302325,0.4094163424124513,244,13,27,23,0.7728276426088734,0.3765440157995751,0.8078703703703703,0.5877530157432018,0.34615384615384615,0.26865671641791045,0.3025210084033613,0.17550603148640365,331,34,49,18,,
KC1,mlp,42,42,0.5,1370,307,432,209,50,67,0.8398443579766537,0.6105600502284778,0.8827361563517915,0.7044357976653697,0.7333333333333333,0.44,0.55,0.40887159533073936,249,8,28,22,0.7539766918830505,0.3840517928581233,0.8472222222222222,0.5927622163156819,0.5172413793103449,0.22388059701492538,0.3125,0.18552443263136387,351,14,52,15,50.0,0.25515969955195367
KC1,logistic_regression,43,42,0.5,1370,307,432,209,50,67,0.7891050583657588,0.5071077288026293,0.8599348534201955,0.6344357976653696,0.6521739130434783,0.3,0.410958904109589,0.26887159533073923,249,8,35,15,0.7800245348599468,0.4164660042762571,0.8472222222222222,0.5562052749948886,0.5294117647058824,0.13432835820895522,0.21428571428571427,0.11241054998977718,357,8,58,9,,
KC1,random_forest,43,42,0.5,1370,307,432,209,50,67,0.817704280155642,0.5297043747425707,0.8664495114006515,0.6866536964980545,0.6363636363636364,0.42,0.5060240963855421,0.37330739299610904,245,12,29,21,0.7650787160089961,0.3952380429704353,0.8425925925925926,0.6083009609486812,0.4864864864864865,0.26865671641791045,0.34615384615384615,0.2166019218973625,346,19,49,18,,
KC1,mlp,43,42,0.5,1370,307,432,209,50,67,0.8305058365758755,0.5673983930222907,0.8827361563517915,0.6883268482490272,0.7692307692307693,0.4,0.5263157894736842,0.37665369649805447,251,6,30,20,0.7584951952565937,0.3724296488235146,0.8449074074074074,0.5548354119811899,0.5,0.13432835820895522,0.21176470588235294,0.10967082396237982,356,9,58,9,50.0,0.2771029382609195
KC1,logistic_regression,44,42,0.5,1370,307,432,209,50,67,0.7891050583657588,0.5071077288026293,0.8599348534201955,0.6344357976653696,0.6521739130434783,0.3,0.410958904109589,0.26887159533073923,249,8,35,15,0.7800245348599468,0.4164660042762571,0.8472222222222222,0.5562052749948886,0.5294117647058824,0.13432835820895522,0.21428571428571427,0.11241054998977718,357,8,58,9,,
KC1,random_forest,44,42,0.5,1370,307,432,209,50,67,0.8176264591439689,0.5487365697976264,0.8697068403908795,0.6885992217898833,0.65625,0.42,0.5121951219512195,0.3771984435797666,246,11,29,21,0.764628910243304,0.37602943502769137,0.8101851851851852,0.6134941729707626,0.3728813559322034,0.3283582089552239,0.3492063492063492,0.22698834594152517,328,37,45,22,,
KC1,mlp,44,42,0.5,1370,307,432,209,50,67,0.8331517509727626,0.5673476149127795,0.8631921824104235,0.6766536964980545,0.625,0.4,0.4878048780487805,0.353307392996109,245,12,30,20,0.7748313228378655,0.3801493937555188,0.8449074074074074,0.5913923533019833,0.5,0.22388059701492538,0.30927835051546393,0.1827847066039665,350,15,52,15,50.0,0.26521406983529017
KC1,logistic_regression,45,42,0.5,1370,307,432,209,50,67,0.7891050583657588,0.5071077288026293,0.8599348534201955,0.6344357976653696,0.6521739130434783,0.3,0.410958904109589,0.26887159533073923,249,8,35,15,0.7800245348599468,0.4164660042762571,0.8472222222222222,0.5562052749948886,0.5294117647058824,0.13432835820895522,0.21428571428571427,0.11241054998977718,357,8,58,9,,
KC1,random_forest,45,42,0.5,1370,307,432,209,50,67,0.8200000000000002,0.5214935421065594,0.8566775244299675,0.6647081712062257,0.59375,0.38,0.4634146341463415,0.32941634241245143,244,13,31,19,0.7645266816601922,0.3648464123647223,0.8101851851851852,0.595215702310366,0.3584905660377358,0.2835820895522388,0.31666666666666665,0.19043140462073205,331,34,48,19,,
KC1,mlp,45,42,0.5,1370,307,432,209,50,67,0.8242801556420234,0.5615296268865646,0.8697068403908795,0.6885992217898833,0.65625,0.42,0.5121951219512195,0.3771984435797666,246,11,29,21,0.7677162134532817,0.37631296684097565,0.8379629629629629,0.5811899407074218,0.45161290322580644,0.208955223880597,0.2857142857142857,0.1623798814148436,348,17,53,14,50.0,0.26191799846044567
KC1,logistic_regression,46,42,0.5,1370,307,432,209,50,67,0.7891050583657588,0.5071077288026293,0.8599348534201955,0.6344357976653696,0.6521739130434783,0.3,0.410958904109589,0.26887159533073923,249,8,35,15,0.7800245348599468,0.4164660042762571,0.8472222222222222,0.5562052749948886,0.5294117647058824,0.13432835820895522,0.21428571428571427,0.11241054998977718,357,8,58,9,,
KC1,random_forest,46,42,0.5,1370,307,432,209,50,67,0.8195330739299611,0.5142081809782071,0.8697068403908795,0.6885992217898833,0.65625,0.42,0.5121951219512195,0.3771984435797666,246,11,29,21,0.7709875281128603,0.37830836086705677,0.8078703703703703,0.5877530157432018,0.34615384615384615,0.26865671641791045,0.3025210084033613,0.17550603148640365,331,34,49,18,,
KC1,mlp,46,42,0.5,1370,307,432,209,50,67,0.8213229571984436,0.572284904070041,0.8697068403908795,0.7047081712062256,0.6388888888888888,0.46,0.5348837209302325,0.4094163424124513,244,13,27,23,0.7787569004293601,0.3904638964666755,0.8402777777777778,0.588652627274586,0.46875,0.22388059701492538,0.30303030303030304,0.177305254549172,348,17,52,15,50.0,0.2631213342889196
KC2,logistic_regression,42,42,0.5,346,66,110,69,17,21,0.7983193277310925,0.5667654456152041,0.803030303030303,0.656062424969988,0.75,0.35294117647058826,0.48,0.312124849939976,47,2,11,6,0.8239700374531835,0.583305877050964,0.8363636363636363,0.6260032102728732,0.6666666666666666,0.2857142857142857,0.4,0.2520064205457464,86,3,15,6,,
KC2,random_forest,42,42,0.5,346,66,110,69,17,21,0.7761104441776712,0.6002281487575605,0.7727272727272727,0.6548619447779112,0.5833333333333334,0.4117647058823529,0.4827586206896552,0.3097238895558223,44,5,10,7,0.8226324237560193,0.5797011181837257,0.8363636363636363,0.6441947565543071,0.6363636363636364,0.3333333333333333,0.4375,0.28838951310861427,85,4,14,7,,
KC2,mlp,42,42,0.5,346,66,110,69,17,21,0.7839135654261705,0.5417104684622254,0.7424242424242424,0.5960384153661464,0.5,0.29411764705882354,0.37037037037037035,0.19207683073229287,44,5,12,5,0.864633493846977,0.583145783038481,0.8363636363636363,0.6623863028357411,0.6153846153846154,0.38095238095238093,0.47058823529411764,0.32477260567148214,84,5,13,8,50.0,0.25449645534776066
KC2,logistic_regression,43,42,0.5,346,66,110,69,17,21,0.7983193277310925,0.5667654456152041,0.803030303030303,0.656062424969988,0.75,0.35294117647058826,0.48,0.312124849939976,47,2,11,6,0.8239700374531835,0.583305877050964,0.8363636363636363,0.6260032102728732,0.6666666666666666,0.2857142857142857,0.4,0.2520064205457464,86,3,15,6,,
KC2,random_forest,43,42,0.5,346,66,110,69,17,21,0.765906362545018,0.582156994202473,0.7424242424242424,0.5960384153661464,0.5,0.29411764705882354,0.37037037037037035,0.19207683073229287,44,5,12,5,0.8218298555377207,0.5763849108237544,0.8454545454545455,0.649812734082397,0.7,0.3333333333333333,0.45161290322580644,0.2996254681647941,86,3,14,7,,
KC2,mlp,43,42,0.5,346,66,110,69,17,21,0.765906362545018,0.5359791464911244,0.7727272727272727,0.6548619447779112,0.5833333333333334,0.4117647058823529,0.4827586206896552,0.3097238895558223,44,5,10,7,0.85366506153023,0.612162641436893,0.8363636363636363,0.6805778491171749,0.6,0.42857142857142855,0.5,0.3611556982343498,83,6,12,9,50.0,0.2684353214491201
KC2,logistic_regression,44,42,0.5,346,66,110,69,17,21,0.7983193277310925,0.5667654456152041,0.803030303030303,0.656062424969988,0.75,0.35294117647058826,0.48,0.312124849939976,47,2,11,6,0.8239700374531835,0.583305877050964,0.8363636363636363,0.6260032102728732,0.6666666666666666,0.2857142857142857,0.4,0.2520064205457464,86,3,15,6,,
KC2,random_forest,44,42,0.5,346,66,110,69,17,21,0.7623049219687874,0.5753798012280599,0.7424242424242424,0.5960384153661464,0.5,0.29411764705882354,0.37037037037037035,0.19207683073229287,44,5,12,5,0.8207597645799892,0.5941026018386641,0.8363636363636363,0.6441947565543071,0.6363636363636364,0.3333333333333333,0.4375,0.28838951310861427,85,4,14,7,,
KC2,mlp,44,42,0.5,346,66,110,69,17,21,0.7755102040816326,0.5315144644657829,0.7727272727272727,0.6548619447779112,0.5833333333333334,0.4117647058823529,0.4827586206896552,0.3097238895558223,44,5,10,7,0.8558052434456929,0.5966209093733312,0.8272727272727273,0.6567683253076511,0.5714285714285714,0.38095238095238093,0.45714285714285713,0.3135366506153021,83,6,13,8,50.0,0.2640101564619204
KC2,logistic_regression,45,42,0.5,346,66,110,69,17,21,0.7983193277310925,0.5667654456152041,0.803030303030303,0.656062424969988,0.75,0.35294117647058826,0.48,0.312124849939976,47,2,11,6,0.8239700374531835,0.583305877050964,0.8363636363636363,0.6260032102728732,0.6666666666666666,0.2857142857142857,0.4,0.2520064205457464,86,3,15,6,,
KC2,random_forest,45,42,0.5,346,66,110,69,17,21,0.7737094837935174,0.608091559273282,0.7575757575757576,0.6254501800720288,0.5454545454545454,0.35294117647058826,0.42857142857142855,0.2509003601440576,44,5,11,6,0.8065810593900481,0.5598414704924646,0.8454545454545455,0.649812734082397,0.7,0.3333333333333333,0.45161290322580644,0.2996254681647941,86,3,14,7,,
KC2,mlp,45,42,0.5,346,66,110,69,17,21,0.765906362545018,0.5382904394693121,0.7272727272727273,0.5666266506602641,0.4444444444444444,0.23529411764705882,0.3076923076923077,0.13325330132052815,44,5,13,4,0.8480470840021404,0.6306375853134445,0.8454545454545455,0.6861958266452648,0.6428571428571429,0.42857142857142855,0.5142857142857142,0.3723916532905296,84,5,12,9,50.0,0.26300506931291645
KC2,logistic_regression,46,42,0.5,346,66,110,69,17,21,0.7983193277310925,0.5667654456152041,0.803030303030303,0.656062424969988,0.75,0.35294117647058826,0.48,0.312124849939976,47,2,11,6,0.8239700374531835,0.583305877050964,0.8363636363636363,0.6260032102728732,0.6666666666666666,0.2857142857142857,0.4,0.2520064205457464,86,3,15,6,,
KC2,random_forest,46,42,0.5,346,66,110,69,17,21,0.7827130852340937,0.6027082525894081,0.7575757575757576,0.6254501800720288,0.5454545454545454,0.35294117647058826,0.42857142857142855,0.2509003601440576,44,5,11,6,0.8223649010165864,0.5679410944248675,0.8545454545454545,0.6736222578919209,0.7272727272727273,0.38095238095238093,0.5,0.34724451578384175,86,3,13,8,,
KC2,mlp,46,42,0.5,346,66,110,69,17,21,0.7827130852340938,0.5348199379631414,0.7272727272727273,0.5666266506602641,0.4444444444444444,0.23529411764705882,0.3076923076923077,0.13325330132052815,44,5,13,4,0.869983948635634,0.6192712140256142,0.8363636363636363,0.6805778491171749,0.6,0.42857142857142855,0.5,0.3611556982343498,83,6,12,9,50.0,0.27314577231553416
PC1,logistic_regression,42,42,0.5,722,171,216,45,14,18,0.5757506824385805,0.26313921334660906,0.9181286549707602,0.5975887170154686,0.5,0.21428571428571427,0.3,0.19517743403093712,154,3,11,3,0.6484287317620652,0.18294205947044906,0.9074074074074074,0.5202020202020202,0.25,0.05555555555555555,0.09090909090909091,0.04040404040404044,195,3,17,1,,
PC1,random_forest,42,42,0.5,722,171,216,45,14,18,0.7290718835304824,0.38009040835959274,0.935672514619883,0.6071428571428571,1.0,0.21428571428571427,0.35294117647058826,0.2142857142857142,157,0,11,3,0.7199775533108868,0.24044242270523844,0.9120370370370371,0.5227272727272727,0.3333333333333333,0.05555555555555555,0.09523809523809523,0.045454545454545414,196,2,17,1,,
PC1,mlp,42,42,0.5,722,171,216,45,14,18,0.7438580527752503,0.36334270209154573,0.9239766081871345,0.6007734303912647,0.6,0.21428571428571427,0.3157894736842105,0.20154686078252948,155,2,11,3,0.7455106621773289,0.18041331023777007,0.8888888888888888,0.48484848484848486,0.0,0.0,0.0,-0.030303030303030276,192,6,18,0,50.0,0.08576320313060071
PC1,logistic_regression,43,42,0.5,722,171,216,45,14,18,0.5757506824385805,0.26313921334660906,0.9181286549707602,0.5975887170154686,0.5,0.21428571428571427,0.3,0.19517743403093712,154,3,11,3,0.6484287317620652,0.18294205947044906,0.9074074074074074,0.5202020202020202,0.25,0.05555555555555555,0.09090909090909091,0.04040404040404044,195,3,17,1,,
PC1,random_forest,43,42,0.5,722,171,216,45,14,18,0.7666060054595087,0.3606134527225383,0.9239766081871345,0.5357142857142857,1.0,0.07142857142857142,0.13333333333333333,0.0714285714285714,157,0,13,1,0.747334455667789,0.2390685958980396,0.9166666666666666,0.5505050505050505,0.5,0.1111111111111111,0.18181818181818182,0.101010101010101,196,2,16,2,,
PC1,mlp,43,42,0.5,722,171,216,45,14,18,0.7186078252957234,0.27571865087132263,0.9181286549707602,0.5975887170154686,0.5,0.21428571428571427,0.3,0.19517743403093712,154,3,11,3,0.7362514029180696,0.18579222306544604,0.8842592592592593,0.4823232323232323,0.0,0.0,0.0,-0.03535353535353536,191,7,18,0,50.0,0.09903760013568555
PC1,logistic_regression,44,42,0.5,722,171,216,45,14,18,0.5757506824385805,0.26313921334660906,0.9181286549707602,0.5975887170154686,0.5,0.21428571428571427,0.3,0.19517743403093712,154,3,11,3,0.6484287317620652,0.18294205947044906,0.9074074074074074,0.5202020202020202,0.25,0.05555555555555555,0.09090909090909091,0.04040404040404044,195,3,17,1,,
PC1,random_forest,44,42,0.5,722,171,216,45,14,18,0.7413557779799818,0.33235387884005396,0.9181286549707602,0.5325295723384895,0.5,0.07142857142857142,0.125,0.06505914467697904,156,1,13,1,0.7309203142536476,0.23564146808828998,0.9166666666666666,0.5505050505050505,0.5,0.1111111111111111,0.18181818181818182,0.101010101010101,196,2,16,2,,
PC1,mlp,44,42,0.5,722,171,216,45,14,18,0.7797998180163785,0.3331410051337529,0.9181286549707602,0.5975887170154686,0.5,0.21428571428571427,0.3,0.19517743403093712,154,3,11,3,0.7738496071829405,0.1943752328846433,0.8981481481481481,0.4898989898989899,0.0,0.0,0.0,-0.02020202020202022,194,4,18,0,50.0,0.09699215852094704
PC1,logistic_regression,45,42,0.5,722,171,216,45,14,18,0.5757506824385805,0.26313921334660906,0.9181286549707602,0.5975887170154686,0.5,0.21428571428571427,0.3,0.19517743403093712,154,3,11,3,0.6484287317620652,0.18294205947044906,0.9074074074074074,0.5202020202020202,0.25,0.05555555555555555,0.09090909090909091,0.04040404040404044,195,3,17,1,,
PC1,random_forest,45,42,0.5,722,171,216,45,14,18,0.7158780709736123,0.3299758438806776,0.9181286549707602,0.5975887170154686,0.5,0.21428571428571427,0.3,0.19517743403093712,154,3,11,3,0.7376543209876543,0.24342540411890595,0.9166666666666666,0.5505050505050505,0.5,0.1111111111111111,0.18181818181818182,0.101010101010101,196,2,16,2,,
PC1,mlp,45,42,0.5,722,171,216,45,14,18,0.7579617834394905,0.36375595958276347,0.9181286549707602,0.5975887170154686,0.5,0.21428571428571427,0.3,0.19517743403093712,154,3,11,3,0.781144781144781,0.21463212051380087,0.8981481481481481,0.5151515151515151,0.16666666666666666,0.05555555555555555,0.08333333333333333,0.030303030303030276,193,5,17,1,50.0,0.08924898268442832
PC1,logistic_regression,46,42,0.5,722,171,216,45,14,18,0.5757506824385805,0.26313921334660906,0.9181286549707602,0.5975887170154686,0.5,0.21428571428571427,0.3,0.19517743403093712,154,3,11,3,0.6484287317620652,0.18294205947044906,0.9074074074074074,0.5202020202020202,0.25,0.05555555555555555,0.09090909090909091,0.04040404040404044,195,3,17,1,,
PC1,random_forest,46,42,0.5,722,171,216,45,14,18,0.7452229299363058,0.33429292665682875,0.9181286549707602,0.565059144676979,0.5,0.14285714285714285,0.2222222222222222,0.13011828935395808,155,2,12,2,0.7411616161616161,0.24580781155046907,0.9166666666666666,0.5505050505050505,0.5,0.1111111111111111,0.18181818181818182,0.101010101010101,196,2,16,2,,
PC1,mlp,46,42,0.5,722,171,216,45,14,18,0.8102820746132848,0.3447750300085024,0.9298245614035088,0.6364877161055504,0.6666666666666666,0.2857142857142857,0.4,0.2729754322111009,155,2,10,4,0.7808641975308642,0.20455470742753337,0.8981481481481481,0.4898989898989899,0.0,0.0,0.0,-0.02020202020202022,194,4,18,0,50.0,0.09772627733162864
