dataset,baseline_model,metric,analysis_group,training_seeds,split_seed,n_pairs,hybrid_mean,baseline_mean,mean_difference_hybrid_minus_baseline,sd_paired_difference,wilcoxon_statistic,wilcoxon_p_value,exact_sign_flip_p_value,paired_rank_biserial,wilcoxon_p_holm_by_metric,sign_flip_p_holm_by_metric,observed_direction,wilcoxon_holm_significant_alpha_0.05,sign_flip_holm_significant_alpha_0.05
CM1,logistic_regression,accuracy,supplementary,"42,43,44,45,46",42,5,0.8895238095238096,0.8952380952380953,-0.00571428571428576,0.005216405309573053,0.0,0.25,0.25,-1.0,1.0,1.0,hybrid_attention_lower,False,False
CM1,mlp,accuracy,supplementary,"42,43,44,45,46",42,5,0.8895238095238096,0.8933333333333333,-0.0038095238095238403,0.008518354199999268,2.5,0.625,0.625,-0.5,1.0,1.0,hybrid_attention_lower,False,False
CM1,random_forest,accuracy,supplementary,"42,43,44,45,46",42,5,0.8895238095238096,0.8876190476190476,0.0019047619047619202,0.004259177099999634,0.0,1.0,1.0,1.0,1.0,1.0,hybrid_attention_higher,False,False
JM1,logistic_regression,accuracy,supplementary,"42,43,44,45,46",42,5,0.8411414982164092,0.8378913991280224,0.003250099088386804,0.0012344361079981972,0.0,0.0625,0.0625,1.0,0.9375,0.9375,hybrid_attention_higher,False,False
JM1,mlp,accuracy,supplementary,"42,43,44,45,46",42,5,0.8411414982164092,0.8351169242964724,0.006024573919936582,0.0029845185250918452,0.0,0.0625,0.0625,1.0,0.9375,0.9375,hybrid_attention_higher,False,False
JM1,random_forest,accuracy,supplementary,"42,43,44,45,46",42,5,0.8411414982164092,0.8353547364248911,0.005786761791518047,0.002108511467026609,0.0,0.0625,0.0625,1.0,0.9375,0.9375,hybrid_attention_higher,False,False
KC1,logistic_regression,accuracy,supplementary,"42,43,44,45,46",42,5,0.837037037037037,0.8472222222222221,-0.010185185185185186,0.0026392949655072466,0.0,0.0625,0.0625,-1.0,0.9375,0.9375,hybrid_attention_lower,False,False
KC1,mlp,accuracy,supplementary,"42,43,44,45,46",42,5,0.837037037037037,0.8430555555555556,-0.006018518518518534,0.003105649968749718,0.0,0.0625,0.0625,-1.0,0.9375,0.9375,hybrid_attention_lower,False,False
KC1,random_forest,accuracy,supplementary,"42,43,44,45,46",42,5,0.837037037037037,0.8157407407407407,0.02129629629629628,0.013537214367790193,1.0,0.125,0.125,0.8666666666666667,1.0,1.0,hybrid_attention_higher,False,False
KC2,logistic_regression,accuracy,supplementary,"42,43,44,45,46",42,5,0.8399999999999999,0.8363636363636363,0.003636363636363682,0.01651445647689537,4.0,0.4375,0.5,0.4666666666666667,1.0,1.0,hybrid_attention_higher,False,False
KC2,mlp,accuracy,supplementary,"42,43,44,45,46",42,5,0.8399999999999999,0.8363636363636363,0.0036363636363636598,0.01651445647689541,5.0,0.625,0.625,0.3333333333333333,1.0,1.0,hybrid_attention_higher,False,False
KC2,random_forest,accuracy,supplementary,"42,43,44,45,46",42,5,0.8399999999999999,0.8436363636363635,-0.0036363636363636155,0.015212000482437716,2.5,1.0,1.0,-0.16666666666666666,1.0,1.0,hybrid_attention_lower,False,False
PC1,logistic_regression,accuracy,supplementary,"42,43,44,45,46",42,5,0.9175925925925925,0.9074074074074074,0.010185185185185141,0.002070433312499864,0.0,0.0625,0.0625,1.0,0.9375,0.9375,hybrid_attention_higher,False,False
PC1,mlp,accuracy,supplementary,"42,43,44,45,46",42,5,0.9175925925925925,0.8935185185185185,0.02407407407407407,0.00760725774312734,0.0,0.0625,0.0625,1.0,0.9375,0.9375,hybrid_attention_higher,False,False
PC1,random_forest,accuracy,supplementary,"42,43,44,45,46",42,5,0.9175925925925925,0.9157407407407406,0.0018518518518518378,0.004140866624999579,0.0,1.0,1.0,1.0,1.0,1.0,hybrid_attention_higher,False,False
CM1,logistic_regression,f1,primary,"42,43,44,45,46",42,5,0.11648351648351643,0.1538461538461538,-0.03736263736263736,0.06528989352752941,0.0,0.125,0.125,-1.0,1.0,1.0,hybrid_attention_lower,False,False
CM1,mlp,f1,primary,"42,43,44,45,46",42,5,0.11648351648351643,0.09230769230769229,0.024175824175824156,0.12753882323036617,7.5,1.0,1.0,0.0,1.0,1.0,hybrid_attention_higher,False,False
CM1,random_forest,f1,primary,"42,43,44,45,46",42,5,0.11648351648351643,0.03076923076923076,0.08571428571428567,0.07824607964359512,0.0,0.25,0.25,1.0,1.0,1.0,hybrid_attention_higher,False,False
JM1,logistic_regression,f1,primary,"42,43,44,45,46",42,5,0.1677261478437791,0.1670061099796334,0.0007200378641456894,0.030679746226393582,7.0,1.0,1.0,-0.06666666666666667,1.0,1.0,hybrid_attention_higher,False,False
JM1,mlp,f1,primary,"42,43,44,45,46",42,5,0.1677261478437791,0.27035436192574086,-0.1026282140819618,0.05857514574025021,0.0,0.0625,0.0625,-1.0,0.9375,0.9375,hybrid_attention_lower,False,False
JM1,random_forest,f1,primary,"42,43,44,45,46",42,5,0.1677261478437791,0.28942776273529885,-0.12170161489151973,0.02849968272282539,0.0,0.0625,0.0625,-1.0,0.9375,0.9375,hybrid_attention_lower,False,False
KC1,logistic_regression,f1,primary,"42,43,44,45,46",42,5,0.1534031087437311,0.2142857142857142,-0.060882605541983104,0.023308667627244047,0.0,0.0625,0.0625,-1.0,0.9375,0.9375,hybrid_attention_lower,False,False
KC1,mlp,f1,primary,"42,43,44,45,46",42,5,0.1534031087437311,0.2844575290284811,-0.13105442028475,0.04039049925502429,0.0,0.0625,0.0625,-1.0,0.9375,0.9375,hybrid_attention_lower,False,False
KC1,random_forest,f1,primary,"42,43,44,45,46",42,5,0.1534031087437311,0.3234137757667169,-0.1700106670229858,0.02633537918552356,0.0,0.0625,0.0625,-1.0,0.9375,0.9375,hybrid_attention_lower,False,False
KC2,logistic_regression,f1,primary,"42,43,44,45,46",42,5,0.44419067333678336,0.4,0.0441906733367833,0.025073920994440668,0.0,0.0625,0.0625,1.0,0.9375,0.9375,hybrid_attention_higher,False,False
KC2,mlp,f1,primary,"42,43,44,45,46",42,5,0.44419067333678336,0.48840336134453777,-0.04421268800775445,0.031068322835052536,0.0,0.0625,0.0625,-1.0,0.9375,0.9375,hybrid_attention_lower,False,False
KC2,random_forest,f1,primary,"42,43,44,45,46",42,5,0.44419067333678336,0.4556451612903226,-0.011454487953539228,0.02606351648985729,3.0,0.625,0.5,-0.4,1.0,1.0,hybrid_attention_lower,False,False
PC1,logistic_regression,f1,primary,"42,43,44,45,46",42,5,0.021052631578947358,0.0909090909090909,-0.06985645933014353,0.047075115315785024,1.0,0.125,0.125,-0.8666666666666667,1.0,1.0,hybrid_attention_lower,False,False
PC1,mlp,f1,primary,"42,43,44,45,46",42,5,0.021052631578947358,0.01666666666666666,0.004385964912280699,0.06694884878277957,1.0,1.0,1.0,0.3333333333333333,1.0,1.0,hybrid_attention_higher,False,False
PC1,random_forest,f1,primary,"42,43,44,45,46",42,5,0.021052631578947358,0.16450216450216446,-0.1434495329232171,0.0857949071339632,1.0,0.125,0.125,-0.8666666666666667,1.0,1.0,hybrid_attention_lower,False,False
CM1,logistic_regression,pr_auc,primary,"42,43,44,45,46",42,5,0.26280793392223106,0.3607520676839967,-0.09794413376176564,0.013785922773521916,0.0,0.0625,0.0625,-1.0,0.9375,0.9375,hybrid_attention_lower,False,False
CM1,mlp,pr_auc,primary,"42,43,44,45,46",42,5,0.26280793392223106,0.3342312084292294,-0.07142327450699827,0.019909866199043714,0.0,0.0625,0.0625,-1.0,0.9375,0.9375,hybrid_attention_lower,False,False
CM1,random_forest,pr_auc,primary,"42,43,44,45,46",42,5,0.26280793392223106,0.3154733095274169,-0.052665375605185874,0.01739066226544905,0.0,0.0625,0.0625,-1.0,0.9375,0.9375,hybrid_attention_lower,False,False
JM1,logistic_regression,pr_auc,primary,"42,43,44,45,46",42,5,0.3792354380074763,0.3753051177070119,0.00393032030046434,0.0035560663890511113,0.0,0.0625,0.0625,1.0,0.9375,0.9375,hybrid_attention_higher,False,False
JM1,mlp,pr_auc,primary,"42,43,44,45,46",42,5,0.3792354380074763,0.3629184289543012,0.016317009053175013,0.014072944642722136,1.0,0.125,0.125,0.8666666666666667,0.9375,0.9375,hybrid_attention_higher,False,False
JM1,random_forest,pr_auc,primary,"42,43,44,45,46",42,5,0.3792354380074763,0.38543375685990455,-0.006198318852428308,0.003799580444683498,0.0,0.0625,0.0625,-1.0,0.9375,0.9375,hybrid_attention_lower,False,False
KC1,logistic_regression,pr_auc,primary,"42,43,44,45,46",42,5,0.35857753752154486,0.4164660042762571,-0.05788846675471223,0.0024957794762620208,0.0,0.0625,0.0625,-1.0,0.9375,0.9375,hybrid_attention_lower,False,False
KC1,mlp,pr_auc,primary,"42,43,44,45,46",42,5,0.35857753752154486,0.3806815397489616,-0.02210400222741672,0.006526746631561742,0.0,0.0625,0.0625,-1.0,0.9375,0.9375,hybrid_attention_lower,False,False
KC1,random_forest,pr_auc,primary,"42,43,44,45,46",42,5,0.35857753752154486,0.37819325340589616,-0.019615715884351303,0.011857538962886398,0.0,0.0625,0.0625,-1.0,0.9375,0.9375,hybrid_attention_lower,False,False
KC2,logistic_regression,pr_auc,primary,"42,43,44,45,46",42,5,0.581355140882453,0.583305877050964,-0.0019507361685109803,0.010450680686257506,5.0,0.625,0.6875,-0.3333333333333333,1.0,1.0,hybrid_attention_lower,False,False
KC2,mlp,pr_auc,primary,"42,43,44,45,46",42,5,0.581355140882453,0.6083676266375528,-0.027012485755099735,0.016075096438129523,0.0,0.0625,0.0625,-1.0,0.9375,0.9375,hybrid_attention_lower,False,False
KC2,random_forest,pr_auc,primary,"42,43,44,45,46",42,5,0.581355140882453,0.5755942391526953,0.005760901729757783,0.021864495304793872,4.0,0.4375,0.5625,0.4666666666666667,1.0,1.0,hybrid_attention_higher,False,False
PC1,logistic_regression,pr_auc,primary,"42,43,44,45,46",42,5,0.23990893000697006,0.182942059470449,0.05696687053652107,0.00741611786877953,0.0,0.0625,0.0625,1.0,0.9375,0.9375,hybrid_attention_higher,False,False
PC1,mlp,pr_auc,primary,"42,43,44,45,46",42,5,0.23990893000697006,0.19595351882583864,0.0439554111811314,0.01704927925127697,0.0,0.0625,0.0625,1.0,0.9375,0.9375,hybrid_attention_higher,False,False
PC1,random_forest,pr_auc,primary,"42,43,44,45,46",42,5,0.23990893000697006,0.24087714047218856,-0.000968210465218483,0.006296463022789644,5.0,0.625,0.8125,-0.3333333333333333,1.0,1.0,hybrid_attention_lower,False,False
CM1,logistic_regression,precision,supplementary,"42,43,44,45,46",42,5,0.21666666666666665,0.3333333333333333,-0.11666666666666665,0.12638125740085918,0.0,0.125,0.125,-1.0,1.0,1.0,hybrid_attention_lower,False,False
CM1,mlp,precision,supplementary,"42,43,44,45,46",42,5,0.21666666666666665,0.2,0.016666666666666673,0.2725904538966021,7.5,1.0,1.0,0.0,1.0,1.0,hybrid_attention_higher,False,False
CM1,random_forest,precision,supplementary,"42,43,44,45,46",42,5,0.21666666666666665,0.06666666666666667,0.15,0.13693063937629155,0.0,0.25,0.25,1.0,1.0,1.0,hybrid_attention_higher,False,False
JM1,logistic_regression,precision,supplementary,"42,43,44,45,46",42,5,0.6591247009101033,0.5774647887323944,0.08165991217770903,0.029835767771518425,0.0,0.0625,0.0625,1.0,0.9375,0.9375,hybrid_attention_higher,False,False
JM1,mlp,precision,supplementary,"42,43,44,45,46",42,5,0.6591247009101033,0.5118884396283917,0.1472362612817117,0.03399981917261675,0.0,0.0625,0.0625,1.0,0.9375,0.9375,hybrid_attention_higher,False,False
JM1,random_forest,precision,supplementary,"42,43,44,45,46",42,5,0.6591247009101033,0.5141455130710983,0.14497918783900504,0.03257989003464775,0.0,0.0625,0.0625,1.0,0.9375,0.9375,hybrid_attention_higher,False,False
KC1,logistic_regression,precision,supplementary,"42,43,44,45,46",42,5,0.394733893557423,0.5294117647058824,-0.1346778711484594,0.03626472078422843,0.0,0.0625,0.0625,-1.0,0.9375,0.9375,hybrid_attention_lower,False,False
KC1,mlp,precision,supplementary,"42,43,44,45,46",42,5,0.394733893557423,0.48752085650723026,-0.09278696294980729,0.02177662818519926,0.0,0.0625,0.0625,-1.0,0.9375,0.9375,hybrid_attention_lower,False,False
KC1,random_forest,precision,supplementary,"42,43,44,45,46",42,5,0.394733893557423,0.38203322015282354,0.012700673404599372,0.05272598699979407,5.0,0.625,0.625,0.3333333333333333,1.0,1.0,hybrid_attention_higher,False,False
KC2,logistic_regression,precision,supplementary,"42,43,44,45,46",42,5,0.6754700854700855,0.6666666666666666,0.008803418803418839,0.11044904658393202,7.0,1.0,0.8125,0.06666666666666667,1.0,1.0,hybrid_attention_higher,False,False
KC2,mlp,precision,supplementary,"42,43,44,45,46",42,5,0.6754700854700855,0.605934065934066,0.06953601953601954,0.11003419532350467,3.0,0.3125,0.25,0.6,1.0,1.0,hybrid_attention_higher,False,False
KC2,random_forest,precision,supplementary,"42,43,44,45,46",42,5,0.6754700854700855,0.68,-0.004529914529914514,0.10682000137488051,5.0,1.0,1.0,0.0,1.0,1.0,hybrid_attention_lower,False,False
PC1,logistic_regression,precision,supplementary,"42,43,44,45,46",42,5,0.2,0.25,-0.05,0.44721359549995804,5.0,0.625,1.0,-0.3333333333333333,1.0,1.0,hybrid_attention_lower,False,False
PC1,mlp,precision,supplementary,"42,43,44,45,46",42,5,0.2,0.03333333333333332,0.16666666666666669,0.4714045207910316,1.0,1.0,1.0,0.3333333333333333,1.0,1.0,hybrid_attention_higher,False,False
PC1,random_forest,precision,supplementary,"42,43,44,45,46",42,5,0.2,0.4666666666666666,-0.26666666666666666,0.521749194749951,5.0,0.625,0.375,-0.3333333333333333,1.0,1.0,hybrid_attention_lower,False,False
CM1,logistic_regression,recall,supplementary,"42,43,44,45,46",42,5,0.08,0.1,-0.02,0.044721359549995794,0.0,1.0,1.0,-1.0,1.0,1.0,hybrid_attention_lower,False,False
CM1,mlp,recall,supplementary,"42,43,44,45,46",42,5,0.08,0.06000000000000001,0.02,0.08366600265340757,2.0,0.75,1.0,0.3333333333333333,1.0,1.0,hybrid_attention_higher,False,False
CM1,random_forest,recall,supplementary,"42,43,44,45,46",42,5,0.08,0.02,0.06000000000000001,0.05477225575051661,0.0,0.25,0.25,1.0,1.0,1.0,hybrid_attention_higher,False,False
JM1,logistic_regression,recall,supplementary,"42,43,44,45,46",42,5,0.09666666666666664,0.0976190476190476,-0.0009523809523809851,0.02038462361238474,7.0,1.0,0.9375,-0.06666666666666667,1.0,1.0,hybrid_attention_lower,False,False
JM1,mlp,recall,supplementary,"42,43,44,45,46",42,5,0.09666666666666664,0.1847619047619047,-0.08809523809523809,0.04551917689120274,0.0,0.0625,0.0625,-1.0,0.9375,0.9375,hybrid_attention_lower,False,False
JM1,random_forest,recall,supplementary,"42,43,44,45,46",42,5,0.09666666666666664,0.20142857142857137,-0.10476190476190475,0.017896781402824906,0.0,0.0625,0.0625,-1.0,0.9375,0.9375,hybrid_attention_lower,False,False
KC1,logistic_regression,recall,supplementary,"42,43,44,45,46",42,5,0.09552238805970144,0.1343283582089552,-0.03880597014925376,0.017017543658196098,0.0,0.0625,0.0625,-1.0,0.9375,0.9375,hybrid_attention_lower,False,False
KC1,mlp,recall,supplementary,"42,43,44,45,46",42,5,0.09552238805970144,0.20298507462686563,-0.10746268656716418,0.037163879396981285,0.0,0.0625,0.0625,-1.0,0.9375,0.9375,hybrid_attention_lower,False,False
KC1,random_forest,recall,supplementary,"42,43,44,45,46",42,5,0.09552238805970144,0.28358208955223874,-0.1880597014925373,0.020024489350744443,0.0,0.0625,0.0625,-1.0,0.9375,0.9375,hybrid_attention_lower,False,False
KC2,logistic_regression,recall,supplementary,"42,43,44,45,46",42,5,0.3333333333333333,0.2857142857142857,0.047619047619047616,0.0,0.0,0.0625,0.0625,1.0,0.9375,0.9375,hybrid_attention_higher,False,False
KC2,mlp,recall,supplementary,"42,43,44,45,46",42,5,0.3333333333333333,0.4095238095238094,-0.07619047619047613,0.026082026547865053,0.0,0.0625,0.0625,-1.0,0.9375,0.9375,hybrid_attention_lower,False,False
KC2,random_forest,recall,supplementary,"42,43,44,45,46",42,5,0.3333333333333333,0.34285714285714286,-0.009523809523809513,0.02129588549999797,0.0,1.0,1.0,-1.0,1.0,1.0,hybrid_attention_lower,False,False
PC1,logistic_regression,recall,supplementary,"42,43,44,45,46",42,5,0.0111111111111111,0.05555555555555549,-0.0444444444444444,0.024845199749997632,0.0,0.125,0.125,-1.0,1.0,1.0,hybrid_attention_lower,False,False
PC1,mlp,recall,supplementary,"42,43,44,45,46",42,5,0.0111111111111111,0.0111111111111111,0.0,0.03928371006591926,1.5,1.0,1.0,0.0,1.0,1.0,equal,False,False
PC1,random_forest,recall,supplementary,"42,43,44,45,46",42,5,0.0111111111111111,0.09999999999999998,-0.08888888888888888,0.04969039949999532,0.0,0.125,0.125,-1.0,1.0,1.0,hybrid_attention_lower,False,False
CM1,logistic_regression,roc_auc,primary,"42,43,44,45,46",42,5,0.7987368421052631,0.8536842105263158,-0.054947368421052675,0.013028840797276448,0.0,0.0625,0.0625,-1.0,0.9375,0.9375,hybrid_attention_lower,False,False
CM1,mlp,roc_auc,primary,"42,43,44,45,46",42,5,0.7987368421052631,0.8698947368421053,-0.07115789473684213,0.01586997024819741,0.0,0.0625,0.0625,-1.0,0.9375,0.9375,hybrid_attention_lower,False,False
CM1,random_forest,roc_auc,primary,"42,43,44,45,46",42,5,0.7987368421052631,0.8221052631578948,-0.023368421052631594,0.023123778698003482,1.0,0.125,0.125,-0.8666666666666667,0.9375,0.9375,hybrid_attention_lower,False,False
JM1,logistic_regression,roc_auc,primary,"42,43,44,45,46",42,5,0.722110250662319,0.7184515318252835,0.0036587188370356127,0.002622999048293185,1.0,0.125,0.125,0.8666666666666667,0.9375,0.9375,hybrid_attention_higher,False,False
JM1,mlp,roc_auc,primary,"42,43,44,45,46",42,5,0.722110250662319,0.697703167810158,0.02440708285216131,0.005953213824672054,0.0,0.0625,0.0625,1.0,0.9375,0.9375,hybrid_attention_higher,False,False
JM1,random_forest,roc_auc,primary,"42,43,44,45,46",42,5,0.722110250662319,0.718030364785001,0.00407988587731809,0.003857312875283129,1.0,0.125,0.125,0.8666666666666667,0.9375,0.9375,hybrid_attention_higher,False,False
KC1,logistic_regression,roc_auc,primary,"42,43,44,45,46",42,5,0.7610427315477406,0.7800245348599468,-0.018981803312206093,0.008900600731942418,0.0,0.0625,0.0625,-1.0,0.9375,0.9375,hybrid_attention_lower,False,False
KC1,mlp,roc_auc,primary,"42,43,44,45,46",42,5,0.7610427315477406,0.7667552647720303,-0.005712533224289551,0.014766079994439484,6.0,0.8125,0.5,-0.2,1.0,1.0,hybrid_attention_lower,False,False
KC1,random_forest,roc_auc,primary,"42,43,44,45,46",42,5,0.7610427315477406,0.7676098957268452,-0.006567164179104479,0.01192675429085449,3.0,0.3125,0.3125,-0.6,0.9375,0.9375,hybrid_attention_lower,False,False
KC2,logistic_regression,roc_auc,primary,"42,43,44,45,46",42,5,0.8231139646869983,0.8239700374531835,-0.0008560727661852008,0.006871221442376862,7.0,1.0,0.8125,-0.06666666666666667,1.0,1.0,hybrid_attention_lower,False,False
KC2,mlp,roc_auc,primary,"42,43,44,45,46",42,5,0.8231139646869983,0.8584269662921347,-0.03531300160513651,0.005177100717058228,0.0,0.0625,0.0625,-1.0,0.9375,0.9375,hybrid_attention_lower,False,False
KC2,random_forest,roc_auc,primary,"42,43,44,45,46",42,5,0.8231139646869983,0.8188336008560727,0.004280363830925582,0.0033413579445684223,0.0,0.0625,0.0625,1.0,0.9375,0.9375,hybrid_attention_higher,False,False
PC1,logistic_regression,roc_auc,primary,"42,43,44,45,46",42,5,0.6886363636363637,0.6484287317620652,0.0402076318742985,0.0034940828580798883,0.0,0.0625,0.0625,1.0,0.9375,0.9375,hybrid_attention_higher,False,False
PC1,mlp,roc_auc,primary,"42,43,44,45,46",42,5,0.6886363636363637,0.7635241301907969,-0.07488776655443316,0.022283312211525845,0.0,0.0625,0.0625,-1.0,0.9375,0.9375,hybrid_attention_lower,False,False
PC1,random_forest,roc_auc,primary,"42,43,44,45,46",42,5,0.6886363636363637,0.7354096520763187,-0.046773288439955076,0.012320784000767263,0.0,0.0625,0.0625,-1.0,0.9375,0.9375,hybrid_attention_lower,False,False
