dataset,baseline_model,metric,analysis_group,n_pairs,hybrid_mean,baseline_mean,mean_difference_hybrid_minus_baseline,sd_paired_difference,ci95_lower,ci95_upper,paired_cohens_d,paired_rank_biserial,wilcoxon_statistic,wilcoxon_p_value,wilcoxon_p_holm_by_metric,exact_sign_flip_p_value,sign_flip_p_holm_by_metric,observed_direction
CM1,logistic_regression,roc_auc,primary,5,0.7987368421052631,0.8536842105263158,-0.054947368421052675,0.013028840797276448,-0.0711248109773593,-0.03876992586474605,-4.217364328570112,-1.0,0.0,0.0625,0.9375,0.0625,0.9375,hybrid_attention_lower
CM1,logistic_regression,pr_auc,primary,5,0.26280793392223106,0.3607520676839967,-0.09794413376176564,0.013785922773521916,-0.11506161775166522,-0.08082664977186606,-7.104648369994,-1.0,0.0,0.0625,0.9375,0.0625,0.9375,hybrid_attention_lower
CM1,logistic_regression,f1,primary,5,0.11648351648351643,0.1538461538461538,-0.03736263736263736,0.06528989352752941,-0.11843074760232775,0.04370547287705303,-0.5722575936945501,-1.0,0.0,0.125,1.0,0.125,1.0,hybrid_attention_lower
CM1,logistic_regression,accuracy,supplementary,5,0.8895238095238096,0.8952380952380953,-0.00571428571428576,0.005216405309573053,-0.012191308387221593,0.0007627369586500734,-1.0954451150103321,-1.0,0.0,0.25,1.0,0.25,1.0,hybrid_attention_lower
CM1,logistic_regression,precision,supplementary,5,0.21666666666666665,0.3333333333333333,-0.11666666666666665,0.12638125740085918,-0.2735897240290368,0.04025639069570351,-0.9231326627541017,-1.0,0.0,0.125,1.0,0.125,1.0,hybrid_attention_lower
CM1,logistic_regression,recall,supplementary,5,0.08,0.1,-0.02,0.044721359549995794,-0.07552890210395598,0.03552890210395597,-0.4472135954999579,-1.0,0.0,1.0,1.0,1.0,1.0,hybrid_attention_lower
CM1,random_forest,roc_auc,primary,5,0.7987368421052631,0.8221052631578948,-0.023368421052631594,0.023123778698003482,-0.05208038456437368,0.005343542459110496,-1.0105796875944515,-0.8666666666666667,1.0,0.125,0.9375,0.125,0.9375,hybrid_attention_lower
CM1,random_forest,pr_auc,primary,5,0.26280793392223106,0.3154733095274169,-0.052665375605185874,0.01739066226544905,-0.07425873484511471,-0.031072016365257037,-3.02837090395453,-1.0,0.0,0.0625,0.9375,0.0625,0.9375,hybrid_attention_lower
CM1,random_forest,f1,primary,5,0.11648351648351643,0.03076923076923076,0.08571428571428567,0.07824607964359512,-0.011441054379750973,0.18286962580832233,1.0954451150103324,1.0,0.0,0.25,1.0,0.25,1.0,hybrid_attention_higher
CM1,random_forest,accuracy,supplementary,5,0.8895238095238096,0.8876190476190476,0.0019047619047619202,0.004259177099999634,-0.0033837049622815482,0.007193228771805389,0.4472135954999579,1.0,0.0,1.0,1.0,1.0,1.0,hybrid_attention_higher
CM1,random_forest,precision,supplementary,5,0.21666666666666665,0.06666666666666667,0.15,0.13693063937629155,-0.02002184516456426,0.3200218451645642,1.0954451150103321,1.0,0.0,0.25,1.0,0.25,1.0,hybrid_attention_higher
CM1,random_forest,recall,supplementary,5,0.08,0.02,0.06000000000000001,0.05477225575051661,-0.008008738065825693,0.12800873806582572,1.0954451150103324,1.0,0.0,0.25,1.0,0.25,1.0,hybrid_attention_higher
CM1,mlp,roc_auc,primary,5,0.7987368421052631,0.8698947368421053,-0.07115789473684213,0.01586997024819741,-0.09086306544659375,-0.05145272402709051,-4.483807696169096,-1.0,0.0,0.0625,0.9375,0.0625,0.9375,hybrid_attention_lower
CM1,mlp,pr_auc,primary,5,0.26280793392223106,0.3342312084292294,-0.07142327450699827,0.019909866199043714,-0.09614463857540492,-0.04670191043859162,-3.5873307129722845,-1.0,0.0,0.0625,0.9375,0.0625,0.9375,hybrid_attention_lower
CM1,mlp,f1,primary,5,0.11648351648351643,0.09230769230769229,0.024175824175824156,0.12753882323036617,-0.13418454100259572,0.182536189354244,0.189556588052853,0.0,7.5,1.0,1.0,1.0,1.0,hybrid_attention_higher
CM1,mlp,accuracy,supplementary,5,0.8895238095238096,0.8933333333333333,-0.0038095238095238403,0.008518354199999268,-0.014386457543610778,0.0067674099245630965,-0.4472135954999579,-0.5,2.5,0.625,1.0,0.625,1.0,hybrid_attention_lower
CM1,mlp,precision,supplementary,5,0.21666666666666665,0.2,0.016666666666666673,0.2725904538966021,-0.32179908619076775,0.3551324195241011,0.06114178405157433,0.0,7.5,1.0,1.0,1.0,1.0,hybrid_attention_higher
CM1,mlp,recall,supplementary,5,0.08,0.06000000000000001,0.02,0.08366600265340757,-0.08388506336835697,0.12388506336835697,0.2390457218668787,0.3333333333333333,2.0,0.75,1.0,1.0,1.0,hybrid_attention_higher
JM1,logistic_regression,roc_auc,primary,5,0.722110250662319,0.7184515318252835,0.0036587188370356127,0.002622999048293185,0.00040183535144722215,0.006915602322624004,1.394860909086636,0.8666666666666667,1.0,0.125,0.9375,0.125,0.9375,hybrid_attention_higher
JM1,logistic_regression,pr_auc,primary,5,0.3792354380074763,0.3753051177070119,0.00393032030046434,0.0035560663890511113,-0.00048511931004289327,0.008345759910971574,1.105243792007239,1.0,0.0,0.0625,0.9375,0.0625,0.9375,hybrid_attention_higher
JM1,logistic_regression,f1,primary,5,0.1677261478437791,0.1670061099796334,0.0007200378641456894,0.030679746226393582,-0.037373898499195084,0.03881397422748647,0.02346948566107257,-0.06666666666666667,7.0,1.0,1.0,1.0,1.0,hybrid_attention_higher
JM1,logistic_regression,accuracy,supplementary,5,0.8411414982164092,0.8378913991280224,0.003250099088386804,0.0012344361079981972,0.0017173442150026663,0.0047828539617709425,2.6328613261785363,1.0,0.0,0.0625,0.9375,0.0625,0.9375,hybrid_attention_higher
JM1,logistic_regression,precision,supplementary,5,0.6591247009101033,0.5774647887323944,0.08165991217770903,0.029835767771518425,0.04461391347704638,0.11870591087837168,2.736980419041287,1.0,0.0,0.0625,0.9375,0.0625,0.9375,hybrid_attention_higher
JM1,logistic_regression,recall,supplementary,5,0.09666666666666664,0.0976190476190476,-0.0009523809523809851,0.02038462361238474,-0.02626323420881353,0.024358472304051557,-0.046720556164812535,-0.06666666666666667,7.0,1.0,1.0,0.9375,1.0,hybrid_attention_lower
JM1,random_forest,roc_auc,primary,5,0.722110250662319,0.718030364785001,0.00407988587731809,0.003857312875283129,-0.0007096006497288258,0.008869372404365005,1.057701568224129,0.8666666666666667,1.0,0.125,0.9375,0.125,0.9375,hybrid_attention_higher
JM1,random_forest,pr_auc,primary,5,0.3792354380074763,0.38543375685990455,-0.006198318852428308,0.003799580444683498,-0.010916121098870865,-0.0014805166059857506,-1.6313166526323206,-1.0,0.0,0.0625,0.9375,0.0625,0.9375,hybrid_attention_lower
JM1,random_forest,f1,primary,5,0.1677261478437791,0.28942776273529885,-0.12170161489151973,0.02849968272282539,-0.1570886448886819,-0.08631458489435756,-4.270279640483468,-1.0,0.0,0.0625,0.9375,0.0625,0.9375,hybrid_attention_lower
JM1,random_forest,accuracy,supplementary,5,0.8411414982164092,0.8353547364248911,0.005786761791518047,0.002108511467026609,0.003168699013111298,0.008404824569924797,2.744477268448746,1.0,0.0,0.0625,0.9375,0.0625,0.9375,hybrid_attention_higher
JM1,random_forest,precision,supplementary,5,0.6591247009101033,0.5141455130710983,0.14497918783900504,0.03257989003464775,0.10452591131754527,0.18543246436046482,4.4499593978010346,1.0,0.0,0.0625,0.9375,0.0625,0.9375,hybrid_attention_higher
JM1,random_forest,recall,supplementary,5,0.09666666666666664,0.20142857142857137,-0.10476190476190475,0.017896781402824906,-0.12698369391351513,-0.08254011561029437,-5.8536729260921,-1.0,0.0,0.0625,0.9375,0.0625,0.9375,hybrid_attention_lower
JM1,mlp,roc_auc,primary,5,0.722110250662319,0.697703167810158,0.02440708285216131,0.005953213824672054,0.01701519157245707,0.03179897413186555,4.099816262438017,1.0,0.0,0.0625,0.9375,0.0625,0.9375,hybrid_attention_higher
JM1,mlp,pr_auc,primary,5,0.3792354380074763,0.3629184289543012,0.016317009053175013,0.014072944642722136,-0.0011568596584076302,0.03379087776475766,1.1594594782701289,0.8666666666666667,1.0,0.125,0.9375,0.125,0.9375,hybrid_attention_higher
JM1,mlp,f1,primary,5,0.1677261478437791,0.27035436192574086,-0.1026282140819618,0.05857514574025021,-0.1753588637371692,-0.029897564426754397,-1.7520778272932285,-1.0,0.0,0.0625,0.9375,0.0625,0.9375,hybrid_attention_lower
JM1,mlp,accuracy,supplementary,5,0.8411414982164092,0.8351169242964724,0.006024573919936582,0.0029845185250918452,0.002318804715357833,0.009730343124515331,2.0186083179869634,1.0,0.0,0.0625,0.9375,0.0625,0.9375,hybrid_attention_higher
JM1,mlp,precision,supplementary,5,0.6591247009101033,0.5118884396283917,0.1472362612817117,0.03399981917261675,0.1050199098696353,0.18945261269378808,4.330501304556787,1.0,0.0,0.0625,0.9375,0.0625,0.9375,hybrid_attention_higher
JM1,mlp,recall,supplementary,5,0.09666666666666664,0.1847619047619047,-0.08809523809523809,0.04551917689120274,-0.14461476126891337,-0.0315757149215628,-1.9353433895739844,-1.0,0.0,0.0625,0.9375,0.0625,0.9375,hybrid_attention_lower
KC1,logistic_regression,roc_auc,primary,5,0.7610427315477406,0.7800245348599468,-0.018981803312206093,0.008900600731942418,-0.030033358803445084,-0.0079302478209671,-2.132642939940483,-1.0,0.0,0.0625,0.9375,0.0625,0.9375,hybrid_attention_lower
KC1,logistic_regression,pr_auc,primary,5,0.35857753752154486,0.4164660042762571,-0.05788846675471223,0.0024957794762620208,-0.060987386277842635,-0.054789547231581824,-23.194543951219984,-1.0,0.0,0.0625,0.9375,0.0625,0.9375,hybrid_attention_lower
KC1,logistic_regression,f1,primary,5,0.1534031087437311,0.2142857142857142,-0.060882605541983104,0.023308667627244047,-0.08982413898082964,-0.03194107210313656,-2.612015689426247,-1.0,0.0,0.0625,0.9375,0.0625,0.9375,hybrid_attention_lower
KC1,logistic_regression,accuracy,supplementary,5,0.837037037037037,0.8472222222222221,-0.010185185185185186,0.0026392949655072466,-0.013462302724495986,-0.0069080676458743865,-3.859055284950954,-1.0,0.0,0.0625,0.9375,0.0625,0.9375,hybrid_attention_lower
KC1,logistic_regression,precision,supplementary,5,0.394733893557423,0.5294117647058824,-0.1346778711484594,0.03626472078422843,-0.1797064693511477,-0.08964927294577107,-3.713743501563948,-1.0,0.0,0.0625,0.9375,0.0625,0.9375,hybrid_attention_lower
KC1,logistic_regression,recall,supplementary,5,0.09552238805970144,0.1343283582089552,-0.03880597014925376,0.017017543658196098,-0.059936041447496674,-0.01767589885101084,-2.2803508501982765,-1.0,0.0,0.0625,0.9375,0.0625,0.9375,hybrid_attention_lower
KC1,random_forest,roc_auc,primary,5,0.7610427315477406,0.7676098957268452,-0.006567164179104479,0.01192675429085449,-0.021376185597480793,0.008241857239271833,-0.5506245889663562,-0.6,3.0,0.3125,0.9375,0.3125,0.9375,hybrid_attention_lower
KC1,random_forest,pr_auc,primary,5,0.35857753752154486,0.37819325340589616,-0.019615715884351303,0.011857538962886398,-0.03433879512186577,-0.004892636646836835,-1.654282220429355,-1.0,0.0,0.0625,0.9375,0.0625,0.9375,hybrid_attention_lower
KC1,random_forest,f1,primary,5,0.1534031087437311,0.3234137757667169,-0.1700106670229858,0.02633537918552356,-0.20271035923669525,-0.13731097480927637,-6.4555997400045,-1.0,0.0,0.0625,0.9375,0.0625,0.9375,hybrid_attention_lower
KC1,random_forest,accuracy,supplementary,5,0.837037037037037,0.8157407407407407,0.02129629629629628,0.013537214367790193,0.0044876245798444354,0.038104968012748125,1.5731668065305724,0.8666666666666667,1.0,0.125,1.0,0.125,1.0,hybrid_attention_higher
KC1,random_forest,precision,supplementary,5,0.394733893557423,0.38203322015282354,0.012700673404599372,0.05272598699979407,-0.05276728642280474,0.07816863323200349,0.24088071418461976,0.3333333333333333,5.0,0.625,1.0,0.625,1.0,hybrid_attention_higher
KC1,random_forest,recall,supplementary,5,0.09552238805970144,0.28358208955223874,-0.1880597014925373,0.020024489350744443,-0.2129233890017714,-0.16319601398330322,-9.39148550549909,-1.0,0.0,0.0625,0.9375,0.0625,0.9375,hybrid_attention_lower
KC1,mlp,roc_auc,primary,5,0.7610427315477406,0.7667552647720303,-0.005712533224289551,0.014766079994439484,-0.02404704314798193,0.012621976699402827,-0.38686863584923964,-0.2,6.0,0.8125,1.0,0.5,1.0,hybrid_attention_lower
KC1,mlp,pr_auc,primary,5,0.35857753752154486,0.3806815397489616,-0.02210400222741672,0.006526746631561742,-0.030208028545224634,-0.013999975909608801,-3.386679991609786,-1.0,0.0,0.0625,0.9375,0.0625,0.9375,hybrid_attention_lower
KC1,mlp,f1,primary,5,0.1534031087437311,0.2844575290284811,-0.13105442028475,0.04039049925502429,-0.1812058490791897,-0.0809029914903103,-3.244684336711876,-1.0,0.0,0.0625,0.9375,0.0625,0.9375,hybrid_attention_lower
KC1,mlp,accuracy,supplementary,5,0.837037037037037,0.8430555555555556,-0.006018518518518534,0.003105649968749718,-0.009874692275737711,-0.002162344761299357,-1.9379255804998166,-1.0,0.0,0.0625,0.9375,0.0625,0.9375,hybrid_attention_lower
KC1,mlp,precision,supplementary,5,0.394733893557423,0.48752085650723026,-0.09278696294980729,0.02177662818519926,-0.11982621816963863,-0.06574770772997594,-4.260850769030948,-1.0,0.0,0.0625,0.9375,0.0625,0.9375,hybrid_attention_lower
KC1,mlp,recall,supplementary,5,0.09552238805970144,0.20298507462686563,-0.10746268656716418,0.037163879396981285,-0.15360773764798255,-0.06131763548634581,-2.8915895840489965,-1.0,0.0,0.0625,0.9375,0.0625,0.9375,hybrid_attention_lower
KC2,logistic_regression,roc_auc,primary,5,0.8231139646869983,0.8239700374531835,-0.0008560727661852008,0.006871221442376862,-0.009387821054870307,0.007675675522499905,-0.12458814977284038,-0.06666666666666667,7.0,1.0,1.0,0.8125,1.0,hybrid_attention_lower
KC2,logistic_regression,pr_auc,primary,5,0.581355140882453,0.583305877050964,-0.0019507361685109803,0.010450680686257506,-0.014926970133360359,0.011025497796338397,-0.18666115893064938,-0.3333333333333333,5.0,0.625,1.0,0.6875,1.0,hybrid_attention_lower
KC2,logistic_regression,f1,primary,5,0.44419067333678336,0.4,0.0441906733367833,0.025073920994440668,0.013057288344180743,0.07532405832938587,1.7624157524697137,1.0,0.0,0.0625,0.9375,0.0625,0.9375,hybrid_attention_higher
KC2,logistic_regression,accuracy,supplementary,5,0.8399999999999999,0.8363636363636363,0.003636363636363682,0.01651445647689537,-0.016869042420900312,0.024141769693627673,0.22019275302527538,0.4666666666666667,4.0,0.4375,1.0,0.5,1.0,hybrid_attention_higher
KC2,logistic_regression,precision,supplementary,5,0.6754700854700855,0.6666666666666666,0.008803418803418839,0.11044904658393202,-0.12833718597578025,0.14594402358261793,0.07970570209249364,0.06666666666666667,7.0,1.0,1.0,0.8125,1.0,hybrid_attention_higher
KC2,logistic_regression,recall,supplementary,5,0.3333333333333333,0.2857142857142857,0.047619047619047616,0.0,0.047619047619047616,0.047619047619047616,inf,1.0,0.0,0.0625,0.9375,0.0625,0.9375,hybrid_attention_higher
KC2,random_forest,roc_auc,primary,5,0.8231139646869983,0.8188336008560727,0.004280363830925582,0.0033413579445684223,0.00013151996604283608,0.008429207695808329,1.2810252304406866,1.0,0.0,0.0625,0.9375,0.0625,0.9375,hybrid_attention_higher
KC2,random_forest,pr_auc,primary,5,0.581355140882453,0.5755942391526953,0.005760901729757783,0.021864495304793872,-0.021387454929100054,0.03290925838861562,0.26348203557640243,0.4666666666666667,4.0,0.4375,1.0,0.5625,1.0,hybrid_attention_higher
KC2,random_forest,f1,primary,5,0.44419067333678336,0.4556451612903226,-0.011454487953539228,0.02606351648985729,-0.043816618045585225,0.020907642138506773,-0.4394835960833137,-0.4,3.0,0.625,1.0,0.5,1.0,hybrid_attention_lower
KC2,random_forest,accuracy,supplementary,5,0.8399999999999999,0.8436363636363635,-0.0036363636363636155,0.015212000482437716,-0.02252455697606485,0.015251829703337622,-0.2390457218668777,-0.16666666666666666,2.5,1.0,1.0,1.0,1.0,hybrid_attention_lower
KC2,random_forest,precision,supplementary,5,0.6754700854700855,0.68,-0.004529914529914514,0.10682000137488051,-0.1371644645251805,0.12810463546535145,-0.04240698812591249,0.0,5.0,1.0,1.0,1.0,1.0,hybrid_attention_lower
KC2,random_forest,recall,supplementary,5,0.3333333333333333,0.34285714285714286,-0.009523809523809513,0.02129588549999797,-0.035966143859026606,0.016918524811407584,-0.447213595499958,-1.0,0.0,1.0,1.0,1.0,1.0,hybrid_attention_lower
KC2,mlp,roc_auc,primary,5,0.8231139646869983,0.8584269662921347,-0.03531300160513651,0.005177100717058228,-0.04174122118058261,-0.0288847820296904,-6.820999539140187,-1.0,0.0,0.0625,0.9375,0.0625,0.9375,hybrid_attention_lower
KC2,mlp,pr_auc,primary,5,0.581355140882453,0.6083676266375528,-0.027012485755099735,0.016075096438129523,-0.04697235426997876,-0.0070526172402207085,-1.6803933873159937,-1.0,0.0,0.0625,0.9375,0.0625,0.9375,hybrid_attention_lower
KC2,mlp,f1,primary,5,0.44419067333678336,0.48840336134453777,-0.04421268800775445,0.031068322835052536,-0.08278910595661115,-0.00563627005889774,-1.4230793288227297,-1.0,0.0,0.0625,0.9375,0.0625,0.9375,hybrid_attention_lower
KC2,mlp,accuracy,supplementary,5,0.8399999999999999,0.8363636363636363,0.0036363636363636598,0.01651445647689541,-0.01686904242090038,0.0241417696936277,0.22019275302527355,0.3333333333333333,5.0,0.625,1.0,0.625,1.0,hybrid_attention_higher
KC2,mlp,precision,supplementary,5,0.6754700854700855,0.605934065934066,0.06953601953601954,0.11003419532350467,-0.06708947936849746,0.20616151844053654,0.6319491802669255,0.6,3.0,0.3125,1.0,0.25,1.0,hybrid_attention_higher
KC2,mlp,recall,supplementary,5,0.3333333333333333,0.4095238095238094,-0.07619047619047613,0.026082026547865053,-0.10857558955515503,-0.04380536282579722,-2.9211869733608835,-1.0,0.0,0.0625,0.9375,0.0625,0.9375,hybrid_attention_lower
PC1,logistic_regression,roc_auc,primary,5,0.6886363636363637,0.6484287317620652,0.0402076318742985,0.0034940828580798883,0.035869154982679785,0.04454610876591722,11.50734928375279,1.0,0.0,0.0625,0.9375,0.0625,0.9375,hybrid_attention_higher
PC1,logistic_regression,pr_auc,primary,5,0.23990893000697006,0.182942059470449,0.05696687053652107,0.00741611786877953,0.04775854397242189,0.06617519710062025,7.681494758374992,1.0,0.0,0.0625,0.9375,0.0625,0.9375,hybrid_attention_higher
PC1,logistic_regression,f1,primary,5,0.021052631578947358,0.0909090909090909,-0.06985645933014353,0.047075115315785024,-0.12830793522904455,-0.011404983431242535,-1.4839360214316792,-0.8666666666666667,1.0,0.125,1.0,0.125,1.0,hybrid_attention_lower
PC1,logistic_regression,accuracy,supplementary,5,0.9175925925925925,0.9074074074074074,0.010185185185185141,0.002070433312499864,0.007614402680372291,0.012755967689997991,4.919349550499376,1.0,0.0,0.0625,0.9375,0.0625,0.9375,hybrid_attention_higher
PC1,logistic_regression,precision,supplementary,5,0.2,0.25,-0.05,0.44721359549995804,-0.60528902103956,0.5052890210395599,-0.11180339887498947,-0.3333333333333333,5.0,0.625,1.0,1.0,1.0,hybrid_attention_lower
PC1,logistic_regression,recall,supplementary,5,0.0111111111111111,0.05555555555555549,-0.0444444444444444,0.024845199749997632,-0.07529383450219768,-0.013595054386691119,-1.7888543819998322,-1.0,0.0,0.125,1.0,0.125,1.0,hybrid_attention_lower
PC1,random_forest,roc_auc,primary,5,0.6886363636363637,0.7354096520763187,-0.046773288439955076,0.012320784000767263,-0.062071562363352754,-0.0314750145165574,-3.7962915701665025,-1.0,0.0,0.0625,0.9375,0.0625,0.9375,hybrid_attention_lower
PC1,random_forest,pr_auc,primary,5,0.23990893000697006,0.24087714047218856,-0.000968210465218483,0.006296463022789644,-0.008786301916637644,0.0068498809862006784,-0.15377053144187577,-0.3333333333333333,5.0,0.625,1.0,0.8125,1.0,hybrid_attention_lower
PC1,random_forest,f1,primary,5,0.021052631578947358,0.16450216450216446,-0.1434495329232171,0.0857949071339632,-0.2499779803406947,-0.0369210855057395,-1.6720052240307217,-0.8666666666666667,1.0,0.125,1.0,0.125,1.0,hybrid_attention_lower
PC1,random_forest,accuracy,supplementary,5,0.9175925925925925,0.9157407407407406,0.0018518518518518378,0.004140866624999579,-0.0032897131577736757,0.006993416861477352,0.447213595499958,1.0,0.0,1.0,1.0,1.0,1.0,hybrid_attention_higher
PC1,random_forest,precision,supplementary,5,0.2,0.4666666666666666,-0.26666666666666666,0.521749194749951,-0.9145038578794864,0.381170524546153,-0.5111012519999519,-0.3333333333333333,5.0,0.625,1.0,0.375,1.0,hybrid_attention_lower
PC1,random_forest,recall,supplementary,5,0.0111111111111111,0.09999999999999998,-0.08888888888888888,0.04969039949999532,-0.1505876690043955,-0.02719010877338226,-1.7888543819998317,-1.0,0.0,0.125,1.0,0.125,1.0,hybrid_attention_lower
PC1,mlp,roc_auc,primary,5,0.6886363636363637,0.7635241301907969,-0.07488776655443316,0.022283312211525845,-0.10255615308821915,-0.04721938002064717,-3.3607107347218395,-1.0,0.0,0.0625,0.9375,0.0625,0.9375,hybrid_attention_lower
PC1,mlp,pr_auc,primary,5,0.23990893000697006,0.19595351882583864,0.0439554111811314,0.01704927925127697,0.022785934939498324,0.06512488742276448,2.5781389660703224,1.0,0.0,0.0625,0.9375,0.0625,0.9375,hybrid_attention_higher
PC1,mlp,f1,primary,5,0.021052631578947358,0.01666666666666666,0.004385964912280699,0.06694884878277957,-0.07874201034248475,0.08751394016704615,0.06551217820804182,0.3333333333333333,1.0,1.0,1.0,1.0,1.0,hybrid_attention_higher
PC1,mlp,accuracy,supplementary,5,0.9175925925925925,0.8935185185185185,0.02407407407407407,0.00760725774312734,0.014628416009376017,0.03351973213877212,3.1646192211409456,1.0,0.0,0.0625,0.9375,0.0625,0.9375,hybrid_attention_higher
PC1,mlp,precision,supplementary,5,0.2,0.03333333333333332,0.16666666666666669,0.4714045207910316,-0.4186593553900562,0.7519926887233896,0.35355339059327384,0.3333333333333333,1.0,1.0,1.0,1.0,1.0,hybrid_attention_higher
PC1,mlp,recall,supplementary,5,0.0111111111111111,0.0111111111111111,0.0,0.03928371006591926,-0.04877716850472686,0.04877716850472686,0.0,0.0,1.5,1.0,1.0,1.0,1.0,equal
