Dataset,Baseline,Metric,n,Hybrid Mean,Baseline Mean,Δ Hybrid − Baseline,Wilcoxon p,Wilcoxon Holm p,Exact Sign-Flip p,Sign-Flip Holm p,Rank-Biserial,Observed Direction
CM1,Logistic Regression,F1,5,0.1164835164835164,0.1538461538461538,-0.0373626373626373,0.125,1.0,0.125,1.0,-1.0,hybrid_attention_lower
CM1,MLP,F1,5,0.1164835164835164,0.0923076923076922,0.0241758241758241,1.0,1.0,1.0,1.0,0.0,hybrid_attention_higher
CM1,Random Forest,F1,5,0.1164835164835164,0.0307692307692307,0.0857142857142856,0.25,1.0,0.25,1.0,1.0,hybrid_attention_higher
JM1,Logistic Regression,F1,5,0.1677261478437791,0.1670061099796334,0.0007200378641456,1.0,1.0,1.0,1.0,-0.0666666666666666,hybrid_attention_higher
JM1,MLP,F1,5,0.1677261478437791,0.2703543619257408,-0.1026282140819618,0.0625,0.9375,0.0625,0.9375,-1.0,hybrid_attention_lower
JM1,Random Forest,F1,5,0.1677261478437791,0.2894277627352988,-0.1217016148915197,0.0625,0.9375,0.0625,0.9375,-1.0,hybrid_attention_lower
KC1,Logistic Regression,F1,5,0.1534031087437311,0.2142857142857142,-0.0608826055419831,0.0625,0.9375,0.0625,0.9375,-1.0,hybrid_attention_lower
KC1,MLP,F1,5,0.1534031087437311,0.2844575290284811,-0.13105442028475,0.0625,0.9375,0.0625,0.9375,-1.0,hybrid_attention_lower
KC1,Random Forest,F1,5,0.1534031087437311,0.3234137757667169,-0.1700106670229858,0.0625,0.9375,0.0625,0.9375,-1.0,hybrid_attention_lower
KC2,Logistic Regression,F1,5,0.4441906733367833,0.4,0.0441906733367833,0.0625,0.9375,0.0625,0.9375,1.0,hybrid_attention_higher
KC2,MLP,F1,5,0.4441906733367833,0.4884033613445377,-0.0442126880077544,0.0625,0.9375,0.0625,0.9375,-1.0,hybrid_attention_lower
KC2,Random Forest,F1,5,0.4441906733367833,0.4556451612903226,-0.0114544879535392,0.625,1.0,0.5,1.0,-0.4,hybrid_attention_lower
PC1,Logistic Regression,F1,5,0.0210526315789473,0.0909090909090909,-0.0698564593301435,0.125,1.0,0.125,1.0,-0.8666666666666667,hybrid_attention_lower
PC1,MLP,F1,5,0.0210526315789473,0.0166666666666666,0.0043859649122806,1.0,1.0,1.0,1.0,0.3333333333333333,hybrid_attention_higher
PC1,Random Forest,F1,5,0.0210526315789473,0.1645021645021644,-0.1434495329232171,0.125,1.0,0.125,1.0,-0.8666666666666667,hybrid_attention_lower
CM1,Logistic Regression,PR-AUC,5,0.262807933922231,0.3607520676839967,-0.0979441337617656,0.0625,0.9375,0.0625,0.9375,-1.0,hybrid_attention_lower
CM1,MLP,PR-AUC,5,0.262807933922231,0.3342312084292294,-0.0714232745069982,0.0625,0.9375,0.0625,0.9375,-1.0,hybrid_attention_lower
CM1,Random Forest,PR-AUC,5,0.262807933922231,0.3154733095274169,-0.0526653756051858,0.0625,0.9375,0.0625,0.9375,-1.0,hybrid_attention_lower
JM1,Logistic Regression,PR-AUC,5,0.3792354380074763,0.3753051177070119,0.0039303203004643,0.0625,0.9375,0.0625,0.9375,1.0,hybrid_attention_higher
JM1,MLP,PR-AUC,5,0.3792354380074763,0.3629184289543012,0.016317009053175,0.125,0.9375,0.125,0.9375,0.8666666666666667,hybrid_attention_higher
JM1,Random Forest,PR-AUC,5,0.3792354380074763,0.3854337568599045,-0.0061983188524283,0.0625,0.9375,0.0625,0.9375,-1.0,hybrid_attention_lower
KC1,Logistic Regression,PR-AUC,5,0.3585775375215448,0.4164660042762571,-0.0578884667547122,0.0625,0.9375,0.0625,0.9375,-1.0,hybrid_attention_lower
KC1,MLP,PR-AUC,5,0.3585775375215448,0.3806815397489616,-0.0221040022274167,0.0625,0.9375,0.0625,0.9375,-1.0,hybrid_attention_lower
KC1,Random Forest,PR-AUC,5,0.3585775375215448,0.3781932534058961,-0.0196157158843513,0.0625,0.9375,0.0625,0.9375,-1.0,hybrid_attention_lower
KC2,Logistic Regression,PR-AUC,5,0.581355140882453,0.583305877050964,-0.0019507361685109,0.625,1.0,0.6875,1.0,-0.3333333333333333,hybrid_attention_lower
KC2,MLP,PR-AUC,5,0.581355140882453,0.6083676266375528,-0.0270124857550997,0.0625,0.9375,0.0625,0.9375,-1.0,hybrid_attention_lower
KC2,Random Forest,PR-AUC,5,0.581355140882453,0.5755942391526953,0.0057609017297577,0.4375,1.0,0.5625,1.0,0.4666666666666667,hybrid_attention_higher
PC1,Logistic Regression,PR-AUC,5,0.23990893000697,0.182942059470449,0.056966870536521,0.0625,0.9375,0.0625,0.9375,1.0,hybrid_attention_higher
PC1,MLP,PR-AUC,5,0.23990893000697,0.1959535188258386,0.0439554111811314,0.0625,0.9375,0.0625,0.9375,1.0,hybrid_attention_higher
PC1,Random Forest,PR-AUC,5,0.23990893000697,0.2408771404721885,-0.0009682104652184,0.625,1.0,0.8125,1.0,-0.3333333333333333,hybrid_attention_lower
CM1,Logistic Regression,ROC-AUC,5,0.7987368421052631,0.8536842105263158,-0.0549473684210526,0.0625,0.9375,0.0625,0.9375,-1.0,hybrid_attention_lower
CM1,MLP,ROC-AUC,5,0.7987368421052631,0.8698947368421053,-0.0711578947368421,0.0625,0.9375,0.0625,0.9375,-1.0,hybrid_attention_lower
CM1,Random Forest,ROC-AUC,5,0.7987368421052631,0.8221052631578948,-0.0233684210526315,0.125,0.9375,0.125,0.9375,-0.8666666666666667,hybrid_attention_lower
JM1,Logistic Regression,ROC-AUC,5,0.722110250662319,0.7184515318252835,0.0036587188370356,0.125,0.9375,0.125,0.9375,0.8666666666666667,hybrid_attention_higher
JM1,MLP,ROC-AUC,5,0.722110250662319,0.697703167810158,0.0244070828521613,0.0625,0.9375,0.0625,0.9375,1.0,hybrid_attention_higher
JM1,Random Forest,ROC-AUC,5,0.722110250662319,0.718030364785001,0.004079885877318,0.125,0.9375,0.125,0.9375,0.8666666666666667,hybrid_attention_higher
KC1,Logistic Regression,ROC-AUC,5,0.7610427315477406,0.7800245348599468,-0.018981803312206,0.0625,0.9375,0.0625,0.9375,-1.0,hybrid_attention_lower
KC1,MLP,ROC-AUC,5,0.7610427315477406,0.7667552647720303,-0.0057125332242895,0.8125,1.0,0.5,1.0,-0.2,hybrid_attention_lower
KC1,Random Forest,ROC-AUC,5,0.7610427315477406,0.7676098957268452,-0.0065671641791044,0.3125,0.9375,0.3125,0.9375,-0.6,hybrid_attention_lower
KC2,Logistic Regression,ROC-AUC,5,0.8231139646869983,0.8239700374531835,-0.0008560727661852,1.0,1.0,0.8125,1.0,-0.0666666666666666,hybrid_attention_lower
KC2,MLP,ROC-AUC,5,0.8231139646869983,0.8584269662921347,-0.0353130016051365,0.0625,0.9375,0.0625,0.9375,-1.0,hybrid_attention_lower
KC2,Random Forest,ROC-AUC,5,0.8231139646869983,0.8188336008560727,0.0042803638309255,0.0625,0.9375,0.0625,0.9375,1.0,hybrid_attention_higher
PC1,Logistic Regression,ROC-AUC,5,0.6886363636363637,0.6484287317620652,0.0402076318742985,0.0625,0.9375,0.0625,0.9375,1.0,hybrid_attention_higher
PC1,MLP,ROC-AUC,5,0.6886363636363637,0.7635241301907969,-0.0748877665544331,0.0625,0.9375,0.0625,0.9375,-1.0,hybrid_attention_lower
PC1,Random Forest,ROC-AUC,5,0.6886363636363637,0.7354096520763187,-0.046773288439955,0.0625,0.9375,0.0625,0.9375,-1.0,hybrid_attention_lower
